"Organism"	"Replicon"	"ldg"	"ps"	"n_miss"	"allele1"	"allele0"	"af"	"beta"	"se"	"logl_H1"	"l_remle"	"l_mle"	"p_wald"	"p_lrt"	"p_score"	"run"	"beta_ab"	"replicon"	"start"	"stop"	"ld_group"	"ld_snps"	"description"	"variant_group_size"	"gene_group_size"	"pr"	"br"	"prs"	"brs"
"USDA1106"	"psyma"	"freebayes-variant-USDA1106-psyma-953094-G"	953094	6	"G"	"C"	0.075	1.817184	0.2535495	-87.27164	1e+05	1e+05	2.737778e-10	1.638141e-09	0.001940457	"ipd3.change"	1.817184	"USDA1106-psyma"	953093	953094	9034	"freebayes-variant-USDA1106-psyma-953094-G"	"CDO30_RS23065:SGNH/GDSL hydrolase family protein; protein_id=WP_010968046.1"	1	1	1	1	1	1
"USDA1106"	"psyma"	"freebayes-variant-USDA1106-psyma-970334-C"	970334	1	"C"	"A"	0.071	1.729908	0.2418563	-87.33698	1e+05	1e+05	2.921627e-10	1.751746e-09	0.00248525	"ipd3.change"	1.729908	""	NA	NA	NA	""	""	0	0	2	2	2	2
"USDA1106"	"psyma"	"freebayes-variant-USDA1106-psyma-963153-T"	963153	0	"T"	"A"	0.07	1.727764	0.2418728	-87.37953	1e+05	1e+05	3.047951e-10	1.829938e-09	0.002536614	"ipd3.change"	1.727764	"USDA1106-psyma"	963152	963153	5099	"freebayes-variant-USDA1106-psyma-969327-C"	"CDO30_RS23155:MFS transporter; protein_id=WP_010968029.1"	49	18	3	3	NA	NA
"USDA1106"	"psyma"	"freebayes-variant-USDA1106-psyma-640868-G"	640868	0	"G"	"A"	0.07	1.559884	0.2286434	-88.83108	1e+05	1e+05	1.293156e-09	8.130082e-09	0.004648293	"ipd3.change"	1.559884	"USDA1106-psyma"	640867	640868	5279	"freebayes-variant-USDA1106-psyma-640868-G"	"CDO30_RS21460:malonyl-CoA synthase; protein_id=WP_010967081.1"	1	1	4	4	3	3
"USDA1106"	"psyma"	"freebayes-variant-USDA1106-psyma-962758-A"	962758	1	"A"	"T"	0.082	1.432784	0.2253872	-90.90024	1e+05	1e+05	1.019427e-08	6.854429e-08	0.003111803	"ipd3.change"	1.432784	"USDA1106-psyma"	962757	962758	6968	"freebayes-variant-USDA1106-psyma-962758-A"	"CDO30_RS23125:SDR family oxidoreductase (pseudogene)"	1	1	5	5	4	4
"USDA1106"	"psyma"	"freebayes-variant-USDA1106-psyma-640487-G"	640487	0	"G"	"C"	0.07	1.356568	0.215388	-91.15795	1e+05	1e+05	1.318952e-08	8.944205e-08	0.008385992	"ipd3.change"	1.356568	"USDA1106-psyma"	640486	640487	5281	"freebayes-variant-USDA1106-psyma-640487-G"	"CDO30_RS21460:malonyl-CoA synthase; protein_id=WP_010967081.1"	1	1	6	7	5	5
"USDA1106"	"psyma"	"freebayes-variant-USDA1106-psyma-40952-T"	40952	0	"T"	"C"	0.14	1.208471	0.1942547	-91.49526	1e+05	1e+05	1.848108e-08	1.267374e-07	0.004967939	"ipd3.change"	1.208471	"USDA1106-psyma"	40951	40952	3770	"freebayes-variant-USDA1106-psyma-40952-T"	"CDO30_RS18080:fixL, oxygen sensor histidine kinase FixL; protein_id=WP_010967649.1"	1	1	7	15	6	13
"USDA1106"	"psyma"	"freebayes-variant-USDA1106-psyma-313369-C"	313369	3	"C"	"T"	0.072	1.189635	0.1916936	-91.56125	1e+05	1e+05	1.974223e-08	1.356841e-07	0.0003112189	"ipd3.change"	1.189635	"USDA1106-psyma"	313368	313369	8294	"freebayes-variant-USDA1106-psyma-313369-C"	"CDO30_RS19605:stc4, stachydrine N-demethylase reductase subunit Stc4; protein_id=WP_010967391.1"	1	1	8	16	7	14
"USDA1106"	"psyma"	"freebayes-variant-USDA1106-psyma-965852-A"	965852	1	"A"	"T"	0.094	1.239677	0.2044404	-92.17787	1e+05	1e+05	3.659748e-08	2.567834e-07	0.002568892	"ipd3.change"	1.239677	"USDA1106-psyma"	965851	965852	6948	"freebayes-variant-USDA1106-psyma-965852-A"	"CDO30_RS23140:class I SAM-dependent methyltransferase; protein_id=WP_010968032.1"	2	1	9	13	8	11
"USDA1106"	"psyma"	"freebayes-variant-USDA1106-psyma-759132-T"	759132	0	"T"	"C"	0.081	1.278733	0.211012	-92.19408	1e+05	1e+05	3.719647e-08	2.61129e-07	0.008305842	"ipd3.change"	1.278733	"USDA1106-psyma"	759131	759132	4945	"freebayes-variant-USDA1106-psyma-759132-T"	"CDO30_RS22070:SDR family oxidoreductase; protein_id=WP_010968211.1"	1	1	10	10	9	8
"USDA1106"	"psyma"	"freebayes-variant-USDA1106-psyma-814058-C"	814058	2	"C"	"T"	0.06	1.258107	0.1703976	-85.69525	2.652014	1e+05	1.024552e-10	5.220919e-11	1.095772e-06	"dnf1.change"	1.258107	"USDA1106-psyma"	814057	814058	7969	"freebayes-variant-USDA1106-psyma-814058-C"	"CDO30_RS22325:hypothetical protein; protein_id=WP_041170015.1"	1	1	1	17	1	15
"USDA1106"	"psyma"	"freebayes-variant-USDA1106-psyma-416526-G"	416526	2	"G"	"A"	0.071	1.517414	0.2278504	-92.89165	1e+05	1e+05	2.673257e-09	8.451224e-08	0.001326495	"dnf1.change"	1.517414	"USDA1106-psyma"	416525	416526	7942	"freebayes-variant-USDA1106-psyma-416526-G"	"CDO30_RS20200:type II toxin-antitoxin system RelE/ParE family toxin; protein_id=WP_010967294.1"	1	1	7	7	6	5
"USDA1106"	"psyma"	"freebayes-variant-USDA1106-psyma-795548-T"	795548	0	"T"	"G"	0.058	1.186617	0.2183115	-93.05401	4.154252	1e+05	5.252343e-07	9.994384e-08	0.0002852078	"dnf1.change"	1.186617	"USDA1106-psyma"	795547	795548	5572	"freebayes-variant-USDA1106-psyma-796848-G"	"CDO30_RS22220:GGDEF domain-containing protein; protein_id=WP_017271271.1"	3	2	8	21	7	19
"USDA1106"	"psyma"	"freebayes-variant-USDA1106-psyma-742658-A"	742658	0	"A"	"G"	0.058	0.9411142	0.167737	-93.55081	0.4900598	0.54328	2.527536e-07	1.670237e-07	5.813887e-06	"dnf1.change"	0.9411142	"USDA1106-psyma"	742657	742658	5415	"freebayes-variant-USDA1106-psyma-742658-A"	"CDO30_RS21990:ABC transporter permease; protein_id=WP_010968225.1"	1	1	9	33	8	31
"USDA1106"	"psyma"	"freebayes-variant-USDA1106-psyma-970334-T"	970334	1	"A"	"T"	0.082	1.211398	0.207285	-84.31781	1e+05	1e+05	9.403714e-08	6.071079e-08	3.272645e-06	"dnf2.change"	1.211398	"USDA1106-psyma"	970333	970334	6978	"freebayes-variant-USDA1106-psyma-970334-T"	"CDO30_RS23160:NAD(P)H-binding protein; protein_id=WP_010968028.1"	1	1	8	6	7	5
"USDA1106"	"psyma"	"freebayes-variant-USDA1106-psyma-783852-A"	783852	1	"A"	"C"	0.082	0.9204137	0.1895448	-78.48479	72.12579	1e+05	5.478507e-06	2.968886e-06	3.261032e-05	"dnf4.change"	0.9204137	"USDA1106-psyma"	783851	783852	6974	"freebayes-variant-USDA1106-psyma-783852-A"	"CDO30_RS22160:response regulator transcription factor; protein_id=WP_010968194.1"	1	1	7	6	6	5
"USDA1106"	"psyma"	"freebayes-variant-USDA1106-psyma-199345-G"	199345	0	"G"	"A"	0.151	0.4199985	0.08968766	-79.26183	5.766114	1e+05	1.076262e-05	6.680936e-06	5.493538e-05	"dnf4.change"	0.4199985	"USDA1106-psyma"	199344	199345	3408	"freebayes-variant-USDA1106-psyma-199345-G"	"CDO30_RS18965:traA, Ti-type conjugative transfer relaxase TraA; protein_id=WP_010967486.1"	1	1	8	155	7	137
"USDA1106"	"psyma"	"freebayes-variant-USDA1106-psyma-731161-A"	731161	0	"A"	"G"	0.116	0.791211	0.1728475	-79.43821	34.46153	1e+05	1.613919e-05	8.034148e-06	6.198833e-05	"dnf4.change"	0.791211	"USDA1106-psyma"	731160	731161	4074	"freebayes-variant-USDA1106-psyma-731161-A"	"CDO30_RS21940:TetR/AcrR family transcriptional regulator; protein_id=WP_041170017.1"	1	1	9	13	8	11
"USDA1106"	"psyma"	"freebayes-variant-USDA1106-psyma-757270-A"	757270	0	"A"	"G"	0.093	-0.9804275	0.1750931	-79.90184	1e+05	1e+05	2.649151e-07	1.761828e-07	5.952824e-06	"nad1change"	0.9804275	"USDA1106-psyma"	757269	757270	4386	"freebayes-variant-USDA1106-psyma-758312-A"	"CDO30_RS22060:Atu4866 domain-containing protein; protein_id=WP_010968213.1"	2	2	3	8	3	7
"USDA1106"	"psyma"	"freebayes-variant-USDA1106-psyma-746980-C"	746980	0	"C"	"T"	0.116	0.6860709	0.1290061	-81.06232	1e+05	1e+05	8.523684e-07	5.861481e-07	1.202046e-05	"nad1change"	0.6860709	"USDA1106-psyma"	746979	746980	4107	"freebayes-variant-USDA1106-psyma-746980-C"	"CDO30_RS22005:amidase; protein_id=WP_010968222.1"	1	1	4	59	4	53
"USDA1106"	"psyma"	"freebayes-variant-USDA1106-psyma-648695-T"	648695	0	"T"	"G"	0.14	-0.8606874	0.1669276	-81.7174	1e+05	1e+05	1.651274e-06	1.157192e-06	1.813595e-05	"nad1change"	0.8606874	"USDA1106-psyma"	648694	648695	3638	"freebayes-variant-USDA1106-psyma-648695-T"	"CDO30_RS21505:EAL domain-containing protein; protein_id=WP_010967073.1"	1	1	8	21	7	18
"USDA1106"	"psyma"	"freebayes-variant-USDA1106-psyma-976912-C"	976912	1	"C"	"A"	0.082	1.509466	0.2126654	-81.4912	1e+05	1e+05	3.743249e-10	3.160069e-08	0.003846868	"rdn1.change"	1.509466	"USDA1106-psyma"	976911	976912	6992	"freebayes-variant-USDA1106-psyma-960274-G"	"CDO30_RS23105:Gfo/Idh/MocA family oxidoreductase (pseudogene)"	9	5	9	6	NA	NA
"USDA1106"	"psyma"	"freebayes-variant-USDA1106-psyma-714728-T"	714728	0	"T"	"C"	0.116	0.8905691	0.144471	-71.55373	1e+05	1e+05	2.365959e-08	1.468177e-08	1.525648e-06	"sunn4.change"	0.8905691	"USDA1106-psyma"	714727	714728	4169	"freebayes-variant-USDA1106-psyma-714728-T"	"CDO30_RS21885:selB, selenocysteine-specific translation elongation factor; protein_id=WP_010967006.1"	2	1	8	18	7	16
"USDA1106"	"psyma"	"freebayes-variant-USDA1106-psyma-784516-T"	784516	0	"T"	"A"	0.105	-1.515559	0.2674744	-118.2687	1e+05	1e+05	2.000703e-07	1.319918e-07	5.050421e-06	"A17"	1.515559	"USDA1106-psyma"	784515	784516	4371	"freebayes-variant-USDA1106-psyma-784516-T"	"CDO30_RS22165:potassium channel family protein; protein_id=WP_013845201.1"	1	1	9	16	8	14
"USDA1106"	"psymb"	"freebayes-variant-USDA1106-psymb-450549-G"	450549	0	"G"	"C"	0.058	0.9098244	0.179555	-88.95828	1e+05	1e+05	2.364295e-06	1.673934e-06	2.276906e-05	"ipd3.change"	0.9098244	"USDA1106-psymb"	450548	450549	10903	"freebayes-variant-USDA1106-psymb-450549-G"	"CDO30_RS27310:ABC transporter ATP-binding protein; protein_id=WP_010975248.1"	1	1	1	5	1	5
"USDA1106"	"psymb"	"freebayes-variant-USDA1106-psymb-729954-A"	729954	0	"A"	"G"	0.058	0.9533063	0.1930274	-89.46496	1e+05	1e+05	3.948927e-06	2.837069e-06	3.168625e-05	"ipd3.change"	0.9533063	"USDA1106-psymb"	729953	729954	10601	"freebayes-variant-USDA1106-psymb-729954-A"	"CDO30_RS28740:pepT, peptidase T; protein_id=WP_041170089.1"	1	1	2	2	2	2
"USDA1106"	"psymb"	"freebayes-variant-USDA1106-psymb-717932-C"	717932	1	"C"	"G"	0.059	0.9395265	0.1982138	-90.27645	112.6334	1e+05	8.625633e-06	6.617565e-06	5.459479e-05	"ipd3.change"	0.9395265	"USDA1106-psymb"	717931	717932	12013	"freebayes-variant-USDA1106-psymb-717932-C"	"CDO30_RS28675:hypothetical protein; protein_id=WP_010975483.1"	1	1	3	3	3	3
"USDA1106"	"psymb"	"freebayes-variant-USDA1106-psymb-437897-C"	437897	0	"C"	"T"	0.07	0.8298385	0.1582512	-87.70898	1e+05	1e+05	1.155623e-06	8.01631e-07	1.45075e-05	"dnf1.change"	0.8298385	"USDA1106-psymb"	437896	437897	10122	"freebayes-variant-USDA1106-psymb-437897-C"	"CDO30_RS27255:hypothetical protein; protein_id=WP_010975237.1"	1	1	1	8	1	7
"USDA1106"	"psymb"	"freebayes-variant-USDA1106-psymb-478236-A"	478236	0	"A"	"G"	0.058	0.8150843	0.1474334	-59.51388	1e+05	1e+05	3.565832e-07	2.391734e-07	7.09732e-06	"dnf3.change"	0.8150843	"USDA1106-psymb"	478235	478236	10915	"freebayes-variant-USDA1106-psymb-478322-A"	"CDO30_RS27440:xanthine dehydrogenase family protein molybdopterin-binding subunit; protein_id=WP_014527494.1"	42	2	1	1	1	1
"USDA1106"	"psymb"	"freebayes-variant-USDA1106-psymb-475769-T"	475769	0	"T"	"C"	0.07	0.7570288	0.1371778	-59.55493	1e+05	1e+05	3.716231e-07	2.495562e-07	7.274076e-06	"dnf3.change"	0.7570288	"USDA1106-psymb"	475768	475769	10140	"freebayes-variant-USDA1106-psymb-475769-T"	"CDO30_RS27435:four-carbon acid sugar kinase family protein; protein_id=WP_010975268.1"	1	1	2	2	2	2
"USDA1106"	"psymb"	"freebayes-variant-USDA1106-psymb-476916-G"	476916	0	"G"	"A"	0.058	0.7563825	0.1458893	-60.91926	1e+05	1e+05	1.47049e-06	1.027095e-06	1.686177e-05	"dnf3.change"	0.7563825	"USDA1106-psymb"	476915	476916	10913	"freebayes-variant-USDA1106-psymb-476916-G"	"CDO30_RS27440:xanthine dehydrogenase family protein molybdopterin-binding subunit; protein_id=WP_014527494.1"	2	1	3	3	3	3
"USDA1106"	"psymb"	"freebayes-variant-USDA1106-psymb-475733-T"	475733	0	"T"	"C"	0.081	0.6775535	0.1326822	-61.23186	1e+05	1e+05	2.016782e-06	1.421428e-06	2.057879e-05	"dnf3.change"	0.6775535	"USDA1106-psymb"	475732	475733	9671	"freebayes-variant-USDA1106-psymb-475673-G"	"CDO30_RS27435:four-carbon acid sugar kinase family protein; protein_id=WP_010975268.1"	3	1	4	4	4	4
"USDA1106"	"psymb"	"freebayes-variant-USDA1106-psymb-1043519-A"	1043519	0	"A"	"G"	0.058	0.7919452	0.1532024	-79.67114	1e+05	1e+05	1.565089e-06	1.095117e-06	1.753466e-05	"dnf4.change"	0.7919452	"USDA1106-psymb"	1043518	1043519	10882	"freebayes-variant-USDA1106-psymb-1043519-A"	"CDO30_RS30150:glycosyltransferase; protein_id=WP_010975739.1"	1	1	1	2	1	2
"USDA1106"	"psymb"	"freebayes-variant-USDA1106-psymb-692209-T"	692209	3	"T"	"G"	0.06	1.145402	0.2246423	-91.51707	1e+05	1e+05	2.081294e-06	1.468215e-06	2.099418e-05	"dnf1dnf2.change"	1.145402	"USDA1106-psymb"	692208	692209	12516	"freebayes-variant-USDA1106-psymb-692209-T"	"CDO30_RS28530:ABC transporter ATP-binding protein; protein_id=WP_010975455.1"	2	2	2	1	2	1
"USDA1106"	"psymb"	"freebayes-variant-USDA1106-psymb-1492578-A"	1492578	0	"A"	"C"	0.093	0.5813053	0.1211729	-64.61903	1e+05	1e+05	6.895709e-06	5.033463e-06	4.571011e-05	"dnf5dnf2.change"	0.5813053	"USDA1106-psymb"	1492577	1492578	9239	"freebayes-variant-USDA1106-psymb-1492578-A"	"CDO30_RS32445:hypothetical protein; protein_id=WP_088239368.1"	1	1	1	5	1	5
"USDA1106"	"psymb"	"freebayes-variant-USDA1106-psymb-1492386-G"	1492386	0	"A"	"G"	0.105	0.5280886	0.113232	-65.12973	1e+05	1e+05	1.158785e-05	8.584286e-06	6.474924e-05	"dnf5dnf2.change"	0.5280886	"USDA1106-psymb"	1492385	1492386	8754	"freebayes-variant-USDA1106-psymb-1492386-G"	"CDO30_RS32445:hypothetical protein; protein_id=WP_088239368.1"	2	1	2	15	2	15
"USDA1106"	"psymb"	"freebayes-variant-USDA1106-psymb-1584650-T"	1584650	0	"T"	"A"	0.058	0.8881718	0.1758781	-77.54845	1e+05	1e+05	2.533186e-06	1.797044e-06	2.379526e-05	"rdn1.change"	0.8881718	"USDA1106-psymb"	1584649	1584650	10728	"freebayes-variant-USDA1106-psymb-1584650-T"	"CDO30_RS32910:LysR family transcriptional regulator; protein_id=WP_017275931.1"	1	1	1	4	1	4
"USDA1106"	"psymb"	"freebayes-variant-USDA1106-psymb-76707-A"	76707	0	"A"	"G"	0.07	0.7668939	0.155969	-78.07203	1e+05	1e+05	4.30463e-06	3.100233e-06	3.351774e-05	"rdn1.change"	0.7668939	"USDA1106-psymb"	76706	76707	9941	"freebayes-variant-USDA1106-psymb-76707-A"	"CDO30_RS25485:pyridoxamine 5'-phosphate oxidase family protein; protein_id=WP_010974934.1"	1	1	2	10	2	10
"USDA1106"	"psymb"	"freebayes-variant-USDA1106-psymb-1433325-T"	1433325	0	"T"	"G"	0.07	0.9448385	0.1933178	-78.18705	1e+05	1e+05	4.837047e-06	3.495281e-06	3.617403e-05	"rdn1.change"	0.9448385	"USDA1106-psymb"	1433324	1433325	9926	"freebayes-variant-USDA1106-psymb-1340557-A"	"CDO30_RS31555:MASE1 domain-containing protein; protein_id=WP_010975994.1"	4	3	3	1	3	1
"USDA1106"	"psymb"	"freebayes-variant-USDA1106-psymb-1537930-G"	1537930	0	"G"	"C"	0.07	0.9262395	0.1922081	-78.45306	1e+05	1e+05	6.335529e-06	4.613422e-06	4.321245e-05	"rdn1.change"	0.9262395	"USDA1106-psymb"	1537929	1537930	9865	"freebayes-variant-USDA1106-psymb-1538083-A"	"CDO30_RS32685:four-carbon acid sugar kinase family protein; protein_id=WP_010976194.1"	7	3	4	2	4	2
"USDA1106"	"psymb"	"freebayes-variant-USDA1106-psymb-692281-A"	692281	4	"A"	"G"	0.073	0.769215	0.162514	-78.73632	81.2946	1e+05	8.854783e-06	7.062449e-06	5.696513e-05	"sunn1.change"	0.769215	"USDA1106-psymb"	692280	692281	12841	"freebayes-variant-USDA1106-psymb-692281-A"	"CDO30_RS28530:ABC transporter ATP-binding protein; protein_id=WP_010975455.1"	1	1	3	8	3	8
"USDA1106"	"chr"	"freebayes-variant-USDA1106-chr-2558291-A"	2558291	0	"A"	"C"	0.093	1.625814	0.3406243	-118.7506	1.955084	2.002364	7.582262e-06	6.380245e-06	5.695706e-05	"latd.change"	1.625814	"USDA1106-chr"	2558290	2558291	838	"freebayes-variant-USDA1106-chr-2558291-A"	"CDO30_RS12270:glutamine synthetase family protein; protein_id=WP_013844805.1"	1	1	1	4	1	1
