"Organism"	"Replicon"	"ldg"	"ps"	"n_miss"	"allele1"	"allele0"	"af"	"beta.x"	"se"	"logl_H1"	"l_remle"	"l_mle"	"p_wald"	"p_lrt"	"p_score"	"run.x"	"beta_ab"	"start"	"stop"	"ld_group"	"ld_snps"	"description"	"variant_group_size"	"gene_group_size"	"pr"	"br"	"prs"	"brs"	"run.y"	"chr"	"beta.y"	"like"
"USDA1106"	"psyma"	"freebayes-variant-USDA1106-psyma-953094-G"	953094	6	"G"	"C"	0.075	1.817184	0.2535495	-87.27164	1e+05	1e+05	2.737778e-10	1.638141e-09	0.001940457	"ipd3.change"	1.817184	953093	953094	9034	"freebayes-variant-USDA1106-psyma-953094-G"	"CDO30_RS23065:SGNH/GDSL hydrolase family protein; protein_id=WP_010968046.1"	1	1	1	1	1	1	"sunn4.change"	"USDA1106-psyma"	1.320604	0.001
"USDA1106"	"psyma"	"freebayes-variant-USDA1106-psyma-953094-G"	953094	6	"G"	"C"	0.075	1.817184	0.2535495	-87.27164	1e+05	1e+05	2.737778e-10	1.638141e-09	0.001940457	"ipd3.change"	1.817184	953093	953094	9034	"freebayes-variant-USDA1106-psyma-953094-G"	"CDO30_RS23065:SGNH/GDSL hydrolase family protein; protein_id=WP_010968046.1"	1	1	1	1	1	1	"sunn1.change"	"USDA1106-psyma"	1.663488	0
"USDA1106"	"psyma"	"freebayes-variant-USDA1106-psyma-953094-G"	953094	6	"G"	"C"	0.075	1.817184	0.2535495	-87.27164	1e+05	1e+05	2.737778e-10	1.638141e-09	0.001940457	"ipd3.change"	1.817184	953093	953094	9034	"freebayes-variant-USDA1106-psyma-953094-G"	"CDO30_RS23065:SGNH/GDSL hydrolase family protein; protein_id=WP_010968046.1"	1	1	1	1	1	1	"rdn1.change"	"USDA1106-psyma"	1.893475	0
"USDA1106"	"psyma"	"freebayes-variant-USDA1106-psyma-953094-G"	953094	6	"G"	"C"	0.075	1.817184	0.2535495	-87.27164	1e+05	1e+05	2.737778e-10	1.638141e-09	0.001940457	"ipd3.change"	1.817184	953093	953094	9034	"freebayes-variant-USDA1106-psyma-953094-G"	"CDO30_RS23065:SGNH/GDSL hydrolase family protein; protein_id=WP_010968046.1"	1	1	1	1	1	1	"dnf5dnf2.change"	"USDA1106-psyma"	1.207105	0.001
"USDA1106"	"psyma"	"freebayes-variant-USDA1106-psyma-953094-G"	953094	6	"G"	"C"	0.075	1.817184	0.2535495	-87.27164	1e+05	1e+05	2.737778e-10	1.638141e-09	0.001940457	"ipd3.change"	1.817184	953093	953094	9034	"freebayes-variant-USDA1106-psyma-953094-G"	"CDO30_RS23065:SGNH/GDSL hydrolase family protein; protein_id=WP_010968046.1"	1	1	1	1	1	1	"dnf1dnf2.change"	"USDA1106-psyma"	1.706143	0
"USDA1106"	"psyma"	"freebayes-variant-USDA1106-psyma-953094-G"	953094	6	"G"	"C"	0.075	1.817184	0.2535495	-87.27164	1e+05	1e+05	2.737778e-10	1.638141e-09	0.001940457	"ipd3.change"	1.817184	953093	953094	9034	"freebayes-variant-USDA1106-psyma-953094-G"	"CDO30_RS23065:SGNH/GDSL hydrolase family protein; protein_id=WP_010968046.1"	1	1	1	1	1	1	"dnf7.change"	"USDA1106-psyma"	1.906835	0
"USDA1106"	"psyma"	"freebayes-variant-USDA1106-psyma-953094-G"	953094	6	"G"	"C"	0.075	1.817184	0.2535495	-87.27164	1e+05	1e+05	2.737778e-10	1.638141e-09	0.001940457	"ipd3.change"	1.817184	953093	953094	9034	"freebayes-variant-USDA1106-psyma-953094-G"	"CDO30_RS23065:SGNH/GDSL hydrolase family protein; protein_id=WP_010968046.1"	1	1	1	1	1	1	"dnf6.change"	"USDA1106-psyma"	0.8037483	0.008
"USDA1106"	"psyma"	"freebayes-variant-USDA1106-psyma-953094-G"	953094	6	"G"	"C"	0.075	1.817184	0.2535495	-87.27164	1e+05	1e+05	2.737778e-10	1.638141e-09	0.001940457	"ipd3.change"	1.817184	953093	953094	9034	"freebayes-variant-USDA1106-psyma-953094-G"	"CDO30_RS23065:SGNH/GDSL hydrolase family protein; protein_id=WP_010968046.1"	1	1	1	1	1	1	"dnf4.change"	"USDA1106-psyma"	1.159616	0
"USDA1106"	"psyma"	"freebayes-variant-USDA1106-psyma-953094-G"	953094	6	"G"	"C"	0.075	1.817184	0.2535495	-87.27164	1e+05	1e+05	2.737778e-10	1.638141e-09	0.001940457	"ipd3.change"	1.817184	953093	953094	9034	"freebayes-variant-USDA1106-psyma-953094-G"	"CDO30_RS23065:SGNH/GDSL hydrolase family protein; protein_id=WP_010968046.1"	1	1	1	1	1	1	"dnf2.change"	"USDA1106-psyma"	1.605989	0
"USDA1106"	"psyma"	"freebayes-variant-USDA1106-psyma-953094-G"	953094	6	"G"	"C"	0.075	1.817184	0.2535495	-87.27164	1e+05	1e+05	2.737778e-10	1.638141e-09	0.001940457	"ipd3.change"	1.817184	953093	953094	9034	"freebayes-variant-USDA1106-psyma-953094-G"	"CDO30_RS23065:SGNH/GDSL hydrolase family protein; protein_id=WP_010968046.1"	1	1	1	1	1	1	"dnf1.change"	"USDA1106-psyma"	1.910508	0
"USDA1106"	"psyma"	"freebayes-variant-USDA1106-psyma-953094-G"	953094	6	"G"	"C"	0.075	1.817184	0.2535495	-87.27164	1e+05	1e+05	2.737778e-10	1.638141e-09	0.001940457	"ipd3.change"	1.817184	953093	953094	9034	"freebayes-variant-USDA1106-psyma-953094-G"	"CDO30_RS23065:SGNH/GDSL hydrolase family protein; protein_id=WP_010968046.1"	1	1	1	1	1	1	"nad1change"	"USDA1106-psyma"	1.237624	0.007
"USDA1106"	"psyma"	"freebayes-variant-USDA1106-psyma-953094-G"	953094	6	"G"	"C"	0.075	1.817184	0.2535495	-87.27164	1e+05	1e+05	2.737778e-10	1.638141e-09	0.001940457	"ipd3.change"	1.817184	953093	953094	9034	"freebayes-variant-USDA1106-psyma-953094-G"	"CDO30_RS23065:SGNH/GDSL hydrolase family protein; protein_id=WP_010968046.1"	1	1	1	1	1	1	"ipd3.change"	"USDA1106-psyma"	1.817184	0
"USDA1106"	"psyma"	"freebayes-variant-USDA1106-psyma-953094-G"	953094	6	"G"	"C"	0.075	1.817184	0.2535495	-87.27164	1e+05	1e+05	2.737778e-10	1.638141e-09	0.001940457	"ipd3.change"	1.817184	953093	953094	9034	"freebayes-variant-USDA1106-psyma-953094-G"	"CDO30_RS23065:SGNH/GDSL hydrolase family protein; protein_id=WP_010968046.1"	1	1	1	1	1	1	"A17"	"USDA1106-psyma"	-2.157414	1
"USDA1106"	"psyma"	"freebayes-variant-USDA1106-psyma-970334-C"	970334	1	"C"	"A"	0.071	1.729908	0.2418563	-87.33698	1e+05	1e+05	2.921627e-10	1.751746e-09	0.00248525	"ipd3.change"	1.729908	NA	NA	NA	""	""	0	0	2	2	2	2	"sunn4.change"	"USDA1106-psyma"	1.249536	0
"USDA1106"	"psyma"	"freebayes-variant-USDA1106-psyma-970334-C"	970334	1	"C"	"A"	0.071	1.729908	0.2418563	-87.33698	1e+05	1e+05	2.921627e-10	1.751746e-09	0.00248525	"ipd3.change"	1.729908	NA	NA	NA	""	""	0	0	2	2	2	2	"sunn1.change"	"USDA1106-psyma"	1.586994	0
"USDA1106"	"psyma"	"freebayes-variant-USDA1106-psyma-970334-C"	970334	1	"C"	"A"	0.071	1.729908	0.2418563	-87.33698	1e+05	1e+05	2.921627e-10	1.751746e-09	0.00248525	"ipd3.change"	1.729908	NA	NA	NA	""	""	0	0	2	2	2	2	"rdn1.change"	"USDA1106-psyma"	1.812245	0
"USDA1106"	"psyma"	"freebayes-variant-USDA1106-psyma-970334-C"	970334	1	"C"	"A"	0.071	1.729908	0.2418563	-87.33698	1e+05	1e+05	2.921627e-10	1.751746e-09	0.00248525	"ipd3.change"	1.729908	NA	NA	NA	""	""	0	0	2	2	2	2	"dnf5dnf2.change"	"USDA1106-psyma"	1.160443	0.001
"USDA1106"	"psyma"	"freebayes-variant-USDA1106-psyma-970334-C"	970334	1	"C"	"A"	0.071	1.729908	0.2418563	-87.33698	1e+05	1e+05	2.921627e-10	1.751746e-09	0.00248525	"ipd3.change"	1.729908	NA	NA	NA	""	""	0	0	2	2	2	2	"dnf1dnf2.change"	"USDA1106-psyma"	1.62103	0
"USDA1106"	"psyma"	"freebayes-variant-USDA1106-psyma-970334-C"	970334	1	"C"	"A"	0.071	1.729908	0.2418563	-87.33698	1e+05	1e+05	2.921627e-10	1.751746e-09	0.00248525	"ipd3.change"	1.729908	NA	NA	NA	""	""	0	0	2	2	2	2	"dnf7.change"	"USDA1106-psyma"	1.813256	0
"USDA1106"	"psyma"	"freebayes-variant-USDA1106-psyma-970334-C"	970334	1	"C"	"A"	0.071	1.729908	0.2418563	-87.33698	1e+05	1e+05	2.921627e-10	1.751746e-09	0.00248525	"ipd3.change"	1.729908	NA	NA	NA	""	""	0	0	2	2	2	2	"dnf4.change"	"USDA1106-psyma"	1.103692	0
"USDA1106"	"psyma"	"freebayes-variant-USDA1106-psyma-970334-C"	970334	1	"C"	"A"	0.071	1.729908	0.2418563	-87.33698	1e+05	1e+05	2.921627e-10	1.751746e-09	0.00248525	"ipd3.change"	1.729908	NA	NA	NA	""	""	0	0	2	2	2	2	"dnf2.change"	"USDA1106-psyma"	1.49946	0
"USDA1106"	"psyma"	"freebayes-variant-USDA1106-psyma-970334-C"	970334	1	"C"	"A"	0.071	1.729908	0.2418563	-87.33698	1e+05	1e+05	2.921627e-10	1.751746e-09	0.00248525	"ipd3.change"	1.729908	NA	NA	NA	""	""	0	0	2	2	2	2	"dnf1.change"	"USDA1106-psyma"	1.814113	0
"USDA1106"	"psyma"	"freebayes-variant-USDA1106-psyma-970334-C"	970334	1	"C"	"A"	0.071	1.729908	0.2418563	-87.33698	1e+05	1e+05	2.921627e-10	1.751746e-09	0.00248525	"ipd3.change"	1.729908	NA	NA	NA	""	""	0	0	2	2	2	2	"nad1change"	"USDA1106-psyma"	1.165846	0.004
"USDA1106"	"psyma"	"freebayes-variant-USDA1106-psyma-970334-C"	970334	1	"C"	"A"	0.071	1.729908	0.2418563	-87.33698	1e+05	1e+05	2.921627e-10	1.751746e-09	0.00248525	"ipd3.change"	1.729908	NA	NA	NA	""	""	0	0	2	2	2	2	"ipd3.change"	"USDA1106-psyma"	1.729908	0
"USDA1106"	"psyma"	"freebayes-variant-USDA1106-psyma-970334-C"	970334	1	"C"	"A"	0.071	1.729908	0.2418563	-87.33698	1e+05	1e+05	2.921627e-10	1.751746e-09	0.00248525	"ipd3.change"	1.729908	NA	NA	NA	""	""	0	0	2	2	2	2	"A17"	"USDA1106-psyma"	-2.023323	1
"USDA1106"	"psyma"	"freebayes-variant-USDA1106-psyma-640868-G"	640868	0	"G"	"A"	0.07	1.559884	0.2286434	-88.83108	1e+05	1e+05	1.293156e-09	8.130082e-09	0.004648293	"ipd3.change"	1.559884	640867	640868	5279	"freebayes-variant-USDA1106-psyma-640868-G"	"CDO30_RS21460:malonyl-CoA synthase; protein_id=WP_010967081.1"	1	1	4	4	3	3	"sunn1.change"	"USDA1106-psyma"	1.492034	0
"USDA1106"	"psyma"	"freebayes-variant-USDA1106-psyma-640868-G"	640868	0	"G"	"A"	0.07	1.559884	0.2286434	-88.83108	1e+05	1e+05	1.293156e-09	8.130082e-09	0.004648293	"ipd3.change"	1.559884	640867	640868	5279	"freebayes-variant-USDA1106-psyma-640868-G"	"CDO30_RS21460:malonyl-CoA synthase; protein_id=WP_010967081.1"	1	1	4	4	3	3	"rdn1.change"	"USDA1106-psyma"	1.685004	0
"USDA1106"	"psyma"	"freebayes-variant-USDA1106-psyma-640868-G"	640868	0	"G"	"A"	0.07	1.559884	0.2286434	-88.83108	1e+05	1e+05	1.293156e-09	8.130082e-09	0.004648293	"ipd3.change"	1.559884	640867	640868	5279	"freebayes-variant-USDA1106-psyma-640868-G"	"CDO30_RS21460:malonyl-CoA synthase; protein_id=WP_010967081.1"	1	1	4	4	3	3	"dnf5dnf2.change"	"USDA1106-psyma"	0.9102828	0.001
"USDA1106"	"psyma"	"freebayes-variant-USDA1106-psyma-640868-G"	640868	0	"G"	"A"	0.07	1.559884	0.2286434	-88.83108	1e+05	1e+05	1.293156e-09	8.130082e-09	0.004648293	"ipd3.change"	1.559884	640867	640868	5279	"freebayes-variant-USDA1106-psyma-640868-G"	"CDO30_RS21460:malonyl-CoA synthase; protein_id=WP_010967081.1"	1	1	4	4	3	3	"dnf1dnf2.change"	"USDA1106-psyma"	1.558897	0
"USDA1106"	"psyma"	"freebayes-variant-USDA1106-psyma-640868-G"	640868	0	"G"	"A"	0.07	1.559884	0.2286434	-88.83108	1e+05	1e+05	1.293156e-09	8.130082e-09	0.004648293	"ipd3.change"	1.559884	640867	640868	5279	"freebayes-variant-USDA1106-psyma-640868-G"	"CDO30_RS21460:malonyl-CoA synthase; protein_id=WP_010967081.1"	1	1	4	4	3	3	"dnf7.change"	"USDA1106-psyma"	1.623699	0
"USDA1106"	"psyma"	"freebayes-variant-USDA1106-psyma-640868-G"	640868	0	"G"	"A"	0.07	1.559884	0.2286434	-88.83108	1e+05	1e+05	1.293156e-09	8.130082e-09	0.004648293	"ipd3.change"	1.559884	640867	640868	5279	"freebayes-variant-USDA1106-psyma-640868-G"	"CDO30_RS21460:malonyl-CoA synthase; protein_id=WP_010967081.1"	1	1	4	4	3	3	"dnf6.change"	"USDA1106-psyma"	0.7628096	0.007
"USDA1106"	"psyma"	"freebayes-variant-USDA1106-psyma-640868-G"	640868	0	"G"	"A"	0.07	1.559884	0.2286434	-88.83108	1e+05	1e+05	1.293156e-09	8.130082e-09	0.004648293	"ipd3.change"	1.559884	640867	640868	5279	"freebayes-variant-USDA1106-psyma-640868-G"	"CDO30_RS21460:malonyl-CoA synthase; protein_id=WP_010967081.1"	1	1	4	4	3	3	"dnf4.change"	"USDA1106-psyma"	0.9916845	0
"USDA1106"	"psyma"	"freebayes-variant-USDA1106-psyma-640868-G"	640868	0	"G"	"A"	0.07	1.559884	0.2286434	-88.83108	1e+05	1e+05	1.293156e-09	8.130082e-09	0.004648293	"ipd3.change"	1.559884	640867	640868	5279	"freebayes-variant-USDA1106-psyma-640868-G"	"CDO30_RS21460:malonyl-CoA synthase; protein_id=WP_010967081.1"	1	1	4	4	3	3	"dnf2.change"	"USDA1106-psyma"	1.296229	0
"USDA1106"	"psyma"	"freebayes-variant-USDA1106-psyma-640868-G"	640868	0	"G"	"A"	0.07	1.559884	0.2286434	-88.83108	1e+05	1e+05	1.293156e-09	8.130082e-09	0.004648293	"ipd3.change"	1.559884	640867	640868	5279	"freebayes-variant-USDA1106-psyma-640868-G"	"CDO30_RS21460:malonyl-CoA synthase; protein_id=WP_010967081.1"	1	1	4	4	3	3	"dnf1.change"	"USDA1106-psyma"	1.730121	0
"USDA1106"	"psyma"	"freebayes-variant-USDA1106-psyma-640868-G"	640868	0	"G"	"A"	0.07	1.559884	0.2286434	-88.83108	1e+05	1e+05	1.293156e-09	8.130082e-09	0.004648293	"ipd3.change"	1.559884	640867	640868	5279	"freebayes-variant-USDA1106-psyma-640868-G"	"CDO30_RS21460:malonyl-CoA synthase; protein_id=WP_010967081.1"	1	1	4	4	3	3	"nad1change"	"USDA1106-psyma"	1.154945	0.003
"USDA1106"	"psyma"	"freebayes-variant-USDA1106-psyma-640868-G"	640868	0	"G"	"A"	0.07	1.559884	0.2286434	-88.83108	1e+05	1e+05	1.293156e-09	8.130082e-09	0.004648293	"ipd3.change"	1.559884	640867	640868	5279	"freebayes-variant-USDA1106-psyma-640868-G"	"CDO30_RS21460:malonyl-CoA synthase; protein_id=WP_010967081.1"	1	1	4	4	3	3	"ipd3.change"	"USDA1106-psyma"	1.559884	0
"USDA1106"	"psyma"	"freebayes-variant-USDA1106-psyma-640868-G"	640868	0	"G"	"A"	0.07	1.559884	0.2286434	-88.83108	1e+05	1e+05	1.293156e-09	8.130082e-09	0.004648293	"ipd3.change"	1.559884	640867	640868	5279	"freebayes-variant-USDA1106-psyma-640868-G"	"CDO30_RS21460:malonyl-CoA synthase; protein_id=WP_010967081.1"	1	1	4	4	3	3	"A17"	"USDA1106-psyma"	-2.042067	1
"USDA1106"	"psyma"	"freebayes-variant-USDA1106-psyma-962758-A"	962758	1	"A"	"T"	0.082	1.432784	0.2253872	-90.90024	1e+05	1e+05	1.019427e-08	6.854429e-08	0.003111803	"ipd3.change"	1.432784	962757	962758	6968	"freebayes-variant-USDA1106-psyma-962758-A"	"CDO30_RS23125:SDR family oxidoreductase (pseudogene)"	1	1	5	5	4	4	"sunn4.change"	"USDA1106-psyma"	1.128207	0
"USDA1106"	"psyma"	"freebayes-variant-USDA1106-psyma-962758-A"	962758	1	"A"	"T"	0.082	1.432784	0.2253872	-90.90024	1e+05	1e+05	1.019427e-08	6.854429e-08	0.003111803	"ipd3.change"	1.432784	962757	962758	6968	"freebayes-variant-USDA1106-psyma-962758-A"	"CDO30_RS23125:SDR family oxidoreductase (pseudogene)"	1	1	5	5	4	4	"sunn1.change"	"USDA1106-psyma"	1.334747	0
"USDA1106"	"psyma"	"freebayes-variant-USDA1106-psyma-962758-A"	962758	1	"A"	"T"	0.082	1.432784	0.2253872	-90.90024	1e+05	1e+05	1.019427e-08	6.854429e-08	0.003111803	"ipd3.change"	1.432784	962757	962758	6968	"freebayes-variant-USDA1106-psyma-962758-A"	"CDO30_RS23125:SDR family oxidoreductase (pseudogene)"	1	1	5	5	4	4	"rdn1.change"	"USDA1106-psyma"	1.503178	0
"USDA1106"	"psyma"	"freebayes-variant-USDA1106-psyma-962758-A"	962758	1	"A"	"T"	0.082	1.432784	0.2253872	-90.90024	1e+05	1e+05	1.019427e-08	6.854429e-08	0.003111803	"ipd3.change"	1.432784	962757	962758	6968	"freebayes-variant-USDA1106-psyma-962758-A"	"CDO30_RS23125:SDR family oxidoreductase (pseudogene)"	1	1	5	5	4	4	"dnf5dnf2.change"	"USDA1106-psyma"	0.9296162	0
"USDA1106"	"psyma"	"freebayes-variant-USDA1106-psyma-962758-A"	962758	1	"A"	"T"	0.082	1.432784	0.2253872	-90.90024	1e+05	1e+05	1.019427e-08	6.854429e-08	0.003111803	"ipd3.change"	1.432784	962757	962758	6968	"freebayes-variant-USDA1106-psyma-962758-A"	"CDO30_RS23125:SDR family oxidoreductase (pseudogene)"	1	1	5	5	4	4	"dnf1dnf2.change"	"USDA1106-psyma"	1.374108	0
"USDA1106"	"psyma"	"freebayes-variant-USDA1106-psyma-962758-A"	962758	1	"A"	"T"	0.082	1.432784	0.2253872	-90.90024	1e+05	1e+05	1.019427e-08	6.854429e-08	0.003111803	"ipd3.change"	1.432784	962757	962758	6968	"freebayes-variant-USDA1106-psyma-962758-A"	"CDO30_RS23125:SDR family oxidoreductase (pseudogene)"	1	1	5	5	4	4	"dnf7.change"	"USDA1106-psyma"	1.511672	0
"USDA1106"	"psyma"	"freebayes-variant-USDA1106-psyma-962758-A"	962758	1	"A"	"T"	0.082	1.432784	0.2253872	-90.90024	1e+05	1e+05	1.019427e-08	6.854429e-08	0.003111803	"ipd3.change"	1.432784	962757	962758	6968	"freebayes-variant-USDA1106-psyma-962758-A"	"CDO30_RS23125:SDR family oxidoreductase (pseudogene)"	1	1	5	5	4	4	"dnf4.change"	"USDA1106-psyma"	1.01419	0
"USDA1106"	"psyma"	"freebayes-variant-USDA1106-psyma-962758-A"	962758	1	"A"	"T"	0.082	1.432784	0.2253872	-90.90024	1e+05	1e+05	1.019427e-08	6.854429e-08	0.003111803	"ipd3.change"	1.432784	962757	962758	6968	"freebayes-variant-USDA1106-psyma-962758-A"	"CDO30_RS23125:SDR family oxidoreductase (pseudogene)"	1	1	5	5	4	4	"dnf2.change"	"USDA1106-psyma"	1.238168	0
"USDA1106"	"psyma"	"freebayes-variant-USDA1106-psyma-962758-A"	962758	1	"A"	"T"	0.082	1.432784	0.2253872	-90.90024	1e+05	1e+05	1.019427e-08	6.854429e-08	0.003111803	"ipd3.change"	1.432784	962757	962758	6968	"freebayes-variant-USDA1106-psyma-962758-A"	"CDO30_RS23125:SDR family oxidoreductase (pseudogene)"	1	1	5	5	4	4	"ipd3.change"	"USDA1106-psyma"	1.432784	0
"USDA1106"	"psyma"	"freebayes-variant-USDA1106-psyma-640487-G"	640487	0	"G"	"C"	0.07	1.356568	0.215388	-91.15795	1e+05	1e+05	1.318952e-08	8.944205e-08	0.008385992	"ipd3.change"	1.356568	640486	640487	5281	"freebayes-variant-USDA1106-psyma-640487-G"	"CDO30_RS21460:malonyl-CoA synthase; protein_id=WP_010967081.1"	1	1	6	7	5	5	"dnf1.change"	"USDA1106-psyma"	1.408835	0
"USDA1106"	"psyma"	"freebayes-variant-USDA1106-psyma-640487-G"	640487	0	"G"	"C"	0.07	1.356568	0.215388	-91.15795	1e+05	1e+05	1.318952e-08	8.944205e-08	0.008385992	"ipd3.change"	1.356568	640486	640487	5281	"freebayes-variant-USDA1106-psyma-640487-G"	"CDO30_RS21460:malonyl-CoA synthase; protein_id=WP_010967081.1"	1	1	6	7	5	5	"ipd3.change"	"USDA1106-psyma"	1.356568	0
"USDA1106"	"psyma"	"freebayes-variant-USDA1106-psyma-640487-G"	640487	0	"G"	"C"	0.07	1.356568	0.215388	-91.15795	1e+05	1e+05	1.318952e-08	8.944205e-08	0.008385992	"ipd3.change"	1.356568	640486	640487	5281	"freebayes-variant-USDA1106-psyma-640487-G"	"CDO30_RS21460:malonyl-CoA synthase; protein_id=WP_010967081.1"	1	1	6	7	5	5	"A17"	"USDA1106-psyma"	-1.755261	1
"USDA1106"	"psyma"	"freebayes-variant-USDA1106-psyma-814058-C"	814058	2	"C"	"T"	0.06	1.258107	0.1703976	-85.69525	2.652014	1e+05	1.024552e-10	5.220919e-11	1.095772e-06	"dnf1.change"	1.258107	814057	814058	7969	"freebayes-variant-USDA1106-psyma-814058-C"	"CDO30_RS22325:hypothetical protein; protein_id=WP_041170015.1"	1	1	1	17	1	15	"sunn4.change"	"USDA1106-psyma"	0.9744446	0
"USDA1106"	"psyma"	"freebayes-variant-USDA1106-psyma-814058-C"	814058	2	"C"	"T"	0.06	1.258107	0.1703976	-85.69525	2.652014	1e+05	1.024552e-10	5.220919e-11	1.095772e-06	"dnf1.change"	1.258107	814057	814058	7969	"freebayes-variant-USDA1106-psyma-814058-C"	"CDO30_RS22325:hypothetical protein; protein_id=WP_041170015.1"	1	1	1	17	1	15	"sunn1.change"	"USDA1106-psyma"	0.9616633	0
"USDA1106"	"psyma"	"freebayes-variant-USDA1106-psyma-814058-C"	814058	2	"C"	"T"	0.06	1.258107	0.1703976	-85.69525	2.652014	1e+05	1.024552e-10	5.220919e-11	1.095772e-06	"dnf1.change"	1.258107	814057	814058	7969	"freebayes-variant-USDA1106-psyma-814058-C"	"CDO30_RS22325:hypothetical protein; protein_id=WP_041170015.1"	1	1	1	17	1	15	"rdn1.change"	"USDA1106-psyma"	1.027292	0
"USDA1106"	"psyma"	"freebayes-variant-USDA1106-psyma-814058-C"	814058	2	"C"	"T"	0.06	1.258107	0.1703976	-85.69525	2.652014	1e+05	1.024552e-10	5.220919e-11	1.095772e-06	"dnf1.change"	1.258107	814057	814058	7969	"freebayes-variant-USDA1106-psyma-814058-C"	"CDO30_RS22325:hypothetical protein; protein_id=WP_041170015.1"	1	1	1	17	1	15	"dnf1dnf2.change"	"USDA1106-psyma"	1.303005	0
"USDA1106"	"psyma"	"freebayes-variant-USDA1106-psyma-814058-C"	814058	2	"C"	"T"	0.06	1.258107	0.1703976	-85.69525	2.652014	1e+05	1.024552e-10	5.220919e-11	1.095772e-06	"dnf1.change"	1.258107	814057	814058	7969	"freebayes-variant-USDA1106-psyma-814058-C"	"CDO30_RS22325:hypothetical protein; protein_id=WP_041170015.1"	1	1	1	17	1	15	"dnf6.change"	"USDA1106-psyma"	0.7213826	0
"USDA1106"	"psyma"	"freebayes-variant-USDA1106-psyma-814058-C"	814058	2	"C"	"T"	0.06	1.258107	0.1703976	-85.69525	2.652014	1e+05	1.024552e-10	5.220919e-11	1.095772e-06	"dnf1.change"	1.258107	814057	814058	7969	"freebayes-variant-USDA1106-psyma-814058-C"	"CDO30_RS22325:hypothetical protein; protein_id=WP_041170015.1"	1	1	1	17	1	15	"dnf2.change"	"USDA1106-psyma"	1.156969	0
"USDA1106"	"psyma"	"freebayes-variant-USDA1106-psyma-814058-C"	814058	2	"C"	"T"	0.06	1.258107	0.1703976	-85.69525	2.652014	1e+05	1.024552e-10	5.220919e-11	1.095772e-06	"dnf1.change"	1.258107	814057	814058	7969	"freebayes-variant-USDA1106-psyma-814058-C"	"CDO30_RS22325:hypothetical protein; protein_id=WP_041170015.1"	1	1	1	17	1	15	"dnf1.change"	"USDA1106-psyma"	1.258107	0
"USDA1106"	"psyma"	"freebayes-variant-USDA1106-psyma-814058-C"	814058	2	"C"	"T"	0.06	1.258107	0.1703976	-85.69525	2.652014	1e+05	1.024552e-10	5.220919e-11	1.095772e-06	"dnf1.change"	1.258107	814057	814058	7969	"freebayes-variant-USDA1106-psyma-814058-C"	"CDO30_RS22325:hypothetical protein; protein_id=WP_041170015.1"	1	1	1	17	1	15	"nad1change"	"USDA1106-psyma"	0.9708487	0
"USDA1106"	"psyma"	"freebayes-variant-USDA1106-psyma-814058-C"	814058	2	"C"	"T"	0.06	1.258107	0.1703976	-85.69525	2.652014	1e+05	1.024552e-10	5.220919e-11	1.095772e-06	"dnf1.change"	1.258107	814057	814058	7969	"freebayes-variant-USDA1106-psyma-814058-C"	"CDO30_RS22325:hypothetical protein; protein_id=WP_041170015.1"	1	1	1	17	1	15	"A17"	"USDA1106-psyma"	-1.699491	1
"USDA1106"	"psyma"	"freebayes-variant-USDA1106-psyma-746980-C"	746980	0	"C"	"T"	0.116	0.6860709	0.1290061	-81.06232	1e+05	1e+05	8.523684e-07	5.861481e-07	1.202046e-05	"nad1change"	0.6860709	746979	746980	4107	"freebayes-variant-USDA1106-psyma-746980-C"	"CDO30_RS22005:amidase; protein_id=WP_010968222.1"	1	1	4	59	4	53	"nad1change"	"USDA1106-psyma"	0.6860709	0
"USDA1106"	"psyma"	"freebayes-variant-USDA1106-psyma-746980-C"	746980	0	"C"	"T"	0.116	0.6860709	0.1290061	-81.06232	1e+05	1e+05	8.523684e-07	5.861481e-07	1.202046e-05	"nad1change"	0.6860709	746979	746980	4107	"freebayes-variant-USDA1106-psyma-746980-C"	"CDO30_RS22005:amidase; protein_id=WP_010968222.1"	1	1	4	59	4	53	"A17"	"USDA1106-psyma"	-1.12113	1
"USDA1106"	"psymb"	"freebayes-variant-USDA1106-psymb-450549-G"	450549	0	"G"	"C"	0.058	0.9098244	0.179555	-88.95828	1e+05	1e+05	2.364295e-06	1.673934e-06	2.276906e-05	"ipd3.change"	0.9098244	450548	450549	10903	"freebayes-variant-USDA1106-psymb-450549-G"	"CDO30_RS27310:ABC transporter ATP-binding protein; protein_id=WP_010975248.1"	1	1	1	5	1	5	"dnf5dnf2.change"	"USDA1106-psymb"	0.5490493	0
"USDA1106"	"psymb"	"freebayes-variant-USDA1106-psymb-450549-G"	450549	0	"G"	"C"	0.058	0.9098244	0.179555	-88.95828	1e+05	1e+05	2.364295e-06	1.673934e-06	2.276906e-05	"ipd3.change"	0.9098244	450548	450549	10903	"freebayes-variant-USDA1106-psymb-450549-G"	"CDO30_RS27310:ABC transporter ATP-binding protein; protein_id=WP_010975248.1"	1	1	1	5	1	5	"dnf7.change"	"USDA1106-psymb"	0.7580274	0
"USDA1106"	"psymb"	"freebayes-variant-USDA1106-psymb-450549-G"	450549	0	"G"	"C"	0.058	0.9098244	0.179555	-88.95828	1e+05	1e+05	2.364295e-06	1.673934e-06	2.276906e-05	"ipd3.change"	0.9098244	450548	450549	10903	"freebayes-variant-USDA1106-psymb-450549-G"	"CDO30_RS27310:ABC transporter ATP-binding protein; protein_id=WP_010975248.1"	1	1	1	5	1	5	"ipd3.change"	"USDA1106-psymb"	0.9098244	0
"USDA1106"	"psymb"	"freebayes-variant-USDA1106-psymb-729954-A"	729954	0	"A"	"G"	0.058	0.9533063	0.1930274	-89.46496	1e+05	1e+05	3.948927e-06	2.837069e-06	3.168625e-05	"ipd3.change"	0.9533063	729953	729954	10601	"freebayes-variant-USDA1106-psymb-729954-A"	"CDO30_RS28740:pepT, peptidase T; protein_id=WP_041170089.1"	1	1	2	2	2	2	"sunn1.change"	"USDA1106-psymb"	0.7521248	0
"USDA1106"	"psymb"	"freebayes-variant-USDA1106-psymb-729954-A"	729954	0	"A"	"G"	0.058	0.9533063	0.1930274	-89.46496	1e+05	1e+05	3.948927e-06	2.837069e-06	3.168625e-05	"ipd3.change"	0.9533063	729953	729954	10601	"freebayes-variant-USDA1106-psymb-729954-A"	"CDO30_RS28740:pepT, peptidase T; protein_id=WP_041170089.1"	1	1	2	2	2	2	"dnf5dnf2.change"	"USDA1106-psymb"	0.5859102	0
"USDA1106"	"psymb"	"freebayes-variant-USDA1106-psymb-729954-A"	729954	0	"A"	"G"	0.058	0.9533063	0.1930274	-89.46496	1e+05	1e+05	3.948927e-06	2.837069e-06	3.168625e-05	"ipd3.change"	0.9533063	729953	729954	10601	"freebayes-variant-USDA1106-psymb-729954-A"	"CDO30_RS28740:pepT, peptidase T; protein_id=WP_041170089.1"	1	1	2	2	2	2	"dnf7.change"	"USDA1106-psymb"	0.9139533	0
"USDA1106"	"psymb"	"freebayes-variant-USDA1106-psymb-729954-A"	729954	0	"A"	"G"	0.058	0.9533063	0.1930274	-89.46496	1e+05	1e+05	3.948927e-06	2.837069e-06	3.168625e-05	"ipd3.change"	0.9533063	729953	729954	10601	"freebayes-variant-USDA1106-psymb-729954-A"	"CDO30_RS28740:pepT, peptidase T; protein_id=WP_041170089.1"	1	1	2	2	2	2	"dnf2.change"	"USDA1106-psymb"	0.7491547	0
"USDA1106"	"psymb"	"freebayes-variant-USDA1106-psymb-729954-A"	729954	0	"A"	"G"	0.058	0.9533063	0.1930274	-89.46496	1e+05	1e+05	3.948927e-06	2.837069e-06	3.168625e-05	"ipd3.change"	0.9533063	729953	729954	10601	"freebayes-variant-USDA1106-psymb-729954-A"	"CDO30_RS28740:pepT, peptidase T; protein_id=WP_041170089.1"	1	1	2	2	2	2	"latd.change"	"USDA1106-psymb"	1.278848	0.008
"USDA1106"	"psymb"	"freebayes-variant-USDA1106-psymb-729954-A"	729954	0	"A"	"G"	0.058	0.9533063	0.1930274	-89.46496	1e+05	1e+05	3.948927e-06	2.837069e-06	3.168625e-05	"ipd3.change"	0.9533063	729953	729954	10601	"freebayes-variant-USDA1106-psymb-729954-A"	"CDO30_RS28740:pepT, peptidase T; protein_id=WP_041170089.1"	1	1	2	2	2	2	"ipd3.change"	"USDA1106-psymb"	0.9533063	0
"USDA1106"	"psymb"	"freebayes-variant-USDA1106-psymb-717932-C"	717932	1	"C"	"G"	0.059	0.9395265	0.1982138	-90.27645	112.6334	1e+05	8.625633e-06	6.617565e-06	5.459479e-05	"ipd3.change"	0.9395265	717931	717932	12013	"freebayes-variant-USDA1106-psymb-717932-C"	"CDO30_RS28675:hypothetical protein; protein_id=WP_010975483.1"	1	1	3	3	3	3	"dnf1dnf2.change"	"USDA1106-psymb"	0.9683011	0
"USDA1106"	"psymb"	"freebayes-variant-USDA1106-psymb-717932-C"	717932	1	"C"	"G"	0.059	0.9395265	0.1982138	-90.27645	112.6334	1e+05	8.625633e-06	6.617565e-06	5.459479e-05	"ipd3.change"	0.9395265	717931	717932	12013	"freebayes-variant-USDA1106-psymb-717932-C"	"CDO30_RS28675:hypothetical protein; protein_id=WP_010975483.1"	1	1	3	3	3	3	"dnf2.change"	"USDA1106-psymb"	0.7961996	0.001
"USDA1106"	"psymb"	"freebayes-variant-USDA1106-psymb-717932-C"	717932	1	"C"	"G"	0.059	0.9395265	0.1982138	-90.27645	112.6334	1e+05	8.625633e-06	6.617565e-06	5.459479e-05	"ipd3.change"	0.9395265	717931	717932	12013	"freebayes-variant-USDA1106-psymb-717932-C"	"CDO30_RS28675:hypothetical protein; protein_id=WP_010975483.1"	1	1	3	3	3	3	"ipd3.change"	"USDA1106-psymb"	0.9395265	0
"USDA1106"	"psymb"	"freebayes-variant-USDA1106-psymb-475733-T"	475733	0	"T"	"C"	0.081	0.6775535	0.1326822	-61.23186	1e+05	1e+05	2.016782e-06	1.421428e-06	2.057879e-05	"dnf3.change"	0.6775535	475732	475733	9671	"freebayes-variant-USDA1106-psymb-475673-G"	"CDO30_RS27435:four-carbon acid sugar kinase family protein; protein_id=WP_010975268.1"	3	1	4	4	4	4	"dnf3.change"	"USDA1106-psymb"	0.6775535	0
"USDA1106"	"psymb"	"freebayes-variant-USDA1106-psymb-1043519-A"	1043519	0	"A"	"G"	0.058	0.7919452	0.1532024	-79.67114	1e+05	1e+05	1.565089e-06	1.095117e-06	1.753466e-05	"dnf4.change"	0.7919452	1043518	1043519	10882	"freebayes-variant-USDA1106-psymb-1043519-A"	"CDO30_RS30150:glycosyltransferase; protein_id=WP_010975739.1"	1	1	1	2	1	2	"dnf5dnf2.change"	"USDA1106-psymb"	0.5693502	0
"USDA1106"	"psymb"	"freebayes-variant-USDA1106-psymb-1043519-A"	1043519	0	"A"	"G"	0.058	0.7919452	0.1532024	-79.67114	1e+05	1e+05	1.565089e-06	1.095117e-06	1.753466e-05	"dnf4.change"	0.7919452	1043518	1043519	10882	"freebayes-variant-USDA1106-psymb-1043519-A"	"CDO30_RS30150:glycosyltransferase; protein_id=WP_010975739.1"	1	1	1	2	1	2	"dnf4.change"	"USDA1106-psymb"	0.7919452	0
"USDA1106"	"psymb"	"freebayes-variant-USDA1106-psymb-1043519-A"	1043519	0	"A"	"G"	0.058	0.7919452	0.1532024	-79.67114	1e+05	1e+05	1.565089e-06	1.095117e-06	1.753466e-05	"dnf4.change"	0.7919452	1043518	1043519	10882	"freebayes-variant-USDA1106-psymb-1043519-A"	"CDO30_RS30150:glycosyltransferase; protein_id=WP_010975739.1"	1	1	1	2	1	2	"nad1change"	"USDA1106-psymb"	0.5991196	0.009
"USDA1106"	"chr"	"freebayes-variant-USDA1106-chr-2558291-A"	2558291	0	"A"	"C"	0.093	1.625814	0.3406243	-118.7506	1.955084	2.002364	7.582262e-06	6.380245e-06	5.695706e-05	"latd.change"	1.625814	2558290	2558291	838	"freebayes-variant-USDA1106-chr-2558291-A"	"CDO30_RS12270:glutamine synthetase family protein; protein_id=WP_013844805.1"	1	1	1	4	1	1	"dnf6.change"	"USDA1106-chr"	0.7300937	0
"USDA1106"	"chr"	"freebayes-variant-USDA1106-chr-2558291-A"	2558291	0	"A"	"C"	0.093	1.625814	0.3406243	-118.7506	1.955084	2.002364	7.582262e-06	6.380245e-06	5.695706e-05	"latd.change"	1.625814	2558290	2558291	838	"freebayes-variant-USDA1106-chr-2558291-A"	"CDO30_RS12270:glutamine synthetase family protein; protein_id=WP_013844805.1"	1	1	1	4	1	1	"latd.change"	"USDA1106-chr"	1.625814	0
