"Organism"	"Replicon"	"ldg"	"ps"	"n_miss"	"allele1"	"allele0"	"af"	"beta"	"se"	"logl_H1"	"l_remle"	"l_mle"	"p_wald"	"p_lrt"	"p_score"	"run"	"beta_ab"	"start"	"stop"	"ld_group"	"ld_snps"	"description"	"variant_group_size"	"gene_group_size"	"pr"	"br"	"prs"	"brs"
"USDA1106"	"psyma"	"freebayes-variant-USDA1106-psyma-953094-G"	953094	6	"G"	"C"	0.075	1.817184	0.2535495	-87.27164	1e+05	1e+05	2.737778e-10	1.638141e-09	0.001940457	"ipd3.change"	1.817184	953093	953094	9034	"freebayes-variant-USDA1106-psyma-953094-G"	"CDO30_RS23065:SGNH/GDSL hydrolase family protein; protein_id=WP_010968046.1"	1	1	1	1	1	1
"USDA1106"	"psyma"	"freebayes-variant-USDA1106-psyma-970334-C"	970334	1	"C"	"A"	0.071	1.729908	0.2418563	-87.33698	1e+05	1e+05	2.921627e-10	1.751746e-09	0.00248525	"ipd3.change"	1.729908	NA	NA	NA	""	""	0	0	2	2	2	2
"USDA1106"	"psyma"	"freebayes-variant-USDA1106-psyma-963153-T"	963153	0	"T"	"A"	0.07	1.727764	0.2418728	-87.37953	1e+05	1e+05	3.047951e-10	1.829938e-09	0.002536614	"ipd3.change"	1.727764	963152	963153	5099	"freebayes-variant-USDA1106-psyma-969327-C"	"CDO30_RS23155:MFS transporter; protein_id=WP_010968029.1"	49	18	3	3	NA	NA
"USDA1106"	"psyma"	"freebayes-variant-USDA1106-psyma-640868-G"	640868	0	"G"	"A"	0.07	1.559884	0.2286434	-88.83108	1e+05	1e+05	1.293156e-09	8.130082e-09	0.004648293	"ipd3.change"	1.559884	640867	640868	5279	"freebayes-variant-USDA1106-psyma-640868-G"	"CDO30_RS21460:malonyl-CoA synthase; protein_id=WP_010967081.1"	1	1	4	4	3	3
"USDA1106"	"psyma"	"freebayes-variant-USDA1106-psyma-962758-A"	962758	1	"A"	"T"	0.082	1.432784	0.2253872	-90.90024	1e+05	1e+05	1.019427e-08	6.854429e-08	0.003111803	"ipd3.change"	1.432784	962757	962758	6968	"freebayes-variant-USDA1106-psyma-962758-A"	"CDO30_RS23125:SDR family oxidoreductase (pseudogene)"	1	1	5	5	4	4
"USDA1106"	"psyma"	"freebayes-variant-USDA1106-psyma-416775-G"	416775	5	"G"	"C"	0.198	0.9281847	0.1931172	-123.7837	5.250648	1e+05	6.656713e-06	1.492927e-05	9.358043e-05	"latd.change"	0.9281847	416774	416775	8665	"freebayes-variant-USDA1106-psyma-416775-G"	"CDO30_RS20205:type II toxin-antitoxin system ParD family antitoxin; protein_id=WP_080606042.1"	1	1	1	31	1	26
"USDA1106"	"psyma"	"freebayes-variant-USDA1106-psyma-567991-A"	567991	0	"A"	"AGG"	0.081	1.228393	0.253766	-125.412	1.942363	1e+05	5.817668e-06	8.294485e-05	0.0003078746	"latd.change"	1.228393	567990	567991	4696	"freebayes-variant-USDA1106-psyma-567991-A"	"CDO30_RS21100:DUF2200 domain-containing protein; protein_id=WP_010967147.1"	2	1	2	1	2	1
"USDA1106"	"psyma"	"freebayes-variant-USDA1106-psyma-416579-C"	416579	2	"C"	"G"	0.214	0.8894853	0.2136402	-125.4144	6.818548	1e+05	7.552254e-05	8.315945e-05	0.0003084457	"latd.change"	0.8894853	416578	416579	7570	"freebayes-variant-USDA1106-psyma-416579-C"	"CDO30_RS20200:type II toxin-antitoxin system RelE/ParE family toxin; protein_id=WP_010967294.1"	1	1	3	42	3	35
"USDA1106"	"psyma"	"freebayes-variant-USDA1106-psyma-815904-G"	815904	1	"G"	"T"	0.188	0.7325056	0.1951664	-126.4147	15.42949	1e+05	0.0003204814	0.0002405262	0.0006710175	"latd.change"	0.7325056	815903	815904	6436	"freebayes-variant-USDA1106-psyma-815904-G"	"CDO30_RS22335:site-specific integrase; protein_id=WP_010968163.1"	1	1	4	135	4	122
"USDA1106"	"psyma"	"freebayes-variant-USDA1106-psyma-567384-T"	567384	0	"T"	"TC"	0.093	1.092403	0.2490347	-126.6738	2.250057	1e+05	3.321193e-05	0.0003171587	0.0008258511	"latd.change"	1.092403	567383	567384	4433	"freebayes-variant-USDA1106-psyma-567384-T"	"CDO30_RS21085:class I SAM-dependent methyltransferase; protein_id=WP_010967149.1"	1	1	5	6	5	6
"USDA1106"	"psyma"	"freebayes-variant-USDA1106-psyma-790222-T"	790222	0	"T"	"G"	0.314	-0.3487102	0.06247041	-67.66016	1e-05	1e-05	2.850467e-07	4.752451e-05	0.001798552	"hcl.change"	0.3487102	790221	790222	1681	"freebayes-variant-USDA1106-psyma-790222-T"	"CDO30_RS22190:aldo/keto reductase; protein_id=WP_010968188.1"	1	1	1	85	1	77
"USDA1106"	"psyma"	"freebayes-variant-USDA1106-psyma-226256-T"	226256	0	"C"	"T"	0.372	-0.2542213	0.0644289	-68.062	18.07033	1e+05	0.0001644265	7.264406e-05	0.0002800142	"hcl.change"	0.2542213	226255	226256	1220	"freebayes-variant-USDA1106-psyma-226256-T"	"CDO30_RS19120:glmS, glutamine--fructose-6-phosphate transaminase (isomerizing); protein_id=WP_010967462.1"	1	1	2	479	2	449
"USDA1106"	"psyma"	"freebayes-variant-USDA1106-psyma-1330485-A"	1330485	0	"A"	"G"	0.128	0.4041973	0.1088043	-68.84697	30.15537	1e+05	0.0003651438	0.0001669443	0.0005118367	"hcl.change"	0.4041973	1330484	1330485	3799	"freebayes-variant-USDA1106-psyma-1330485-A"	"CDO30_RS24970:type II toxin-antitoxin system RelE/ParE family toxin; protein_id=WP_010967721.1"	1	1	3	34	3	31
"USDA1106"	"psyma"	"freebayes-variant-USDA1106-psyma-1171293-C"	1171293	0	"C"	"T"	0.105	0.4262652	0.1148814	-68.86094	28.982	1e+05	0.0003706617	0.000169442	0.0005174661	"hcl.change"	0.4262652	1171292	1171293	4417	"freebayes-variant-USDA1106-psyma-1171293-C"	"CDO30_RS24215:CopG family transcriptional regulator (pseudogene)"	1	1	4	21	4	19
"USDA1106"	"psyma"	"freebayes-variant-USDA1106-psyma-304672-A"	304672	1	"A"	"G"	0.106	-0.495059	0.1343747	-68.89714	27.92182	1e+05	0.0004051668	0.0001760919	0.0005323649	"hcl.change"	0.495059	304671	304672	6847	"freebayes-variant-USDA1106-psyma-304672-A"	"CDO30_RS19555:ccoN, cytochrome-c oxidase%2C cbb3-type subunit I; protein_id=WP_010967400.1"	1	1	5	7	5	5
"USDA1106"	"psyma"	"freebayes-variant-USDA1106-psyma-814058-C"	814058	2	"C"	"T"	0.06	1.258107	0.1703976	-85.69525	2.652014	1e+05	1.024552e-10	5.220919e-11	1.095772e-06	"dnf1.change"	1.258107	814057	814058	7969	"freebayes-variant-USDA1106-psyma-814058-C"	"CDO30_RS22325:hypothetical protein; protein_id=WP_041170015.1"	1	1	1	17	1	15
"USDA1106"	"psyma"	"freebayes-variant-USDA1106-psyma-623562-A"	623562	0	"A"	"T"	0.093	0.6256984	0.1334583	-63.15744	8.016241	1e+05	1.053846e-05	2.741946e-05	0.0001414943	"dnf3.change"	0.6256984	623561	623562	4737	"freebayes-variant-USDA1106-psyma-623562-A"	"CDO30_RS21370:cold-shock protein; protein_id=WP_010967097.1"	1	1	1	3	1	3
"USDA1106"	"psyma"	"freebayes-variant-USDA1106-psyma-623689-G"	623689	0	"G"	"A"	0.198	0.5261611	0.1126921	-63.6313	6.600568	1e+05	1.135583e-05	4.516179e-05	0.00020008	"dnf3.change"	0.5261611	623688	623689	2775	"freebayes-variant-USDA1106-psyma-623689-G"	"CDO30_RS21375:PhzF family phenazine biosynthesis protein; protein_id=WP_010967096.1"	1	1	2	19	2	17
"USDA1106"	"psyma"	"freebayes-variant-USDA1106-psyma-585956-A"	585956	0	"A"	"G"	0.081	0.5446269	0.1217283	-65.07838	4.814727	1e+05	2.390329e-05	0.0002091606	0.0006047018	"dnf3.change"	0.5446269	585955	585956	4836	"freebayes-variant-USDA1106-psyma-585452-A"	"CDO30_RS21175:TRAP transporter small permease; protein_id=WP_010967133.1"	2	2	3	15	3	13
"USDA1106"	"psyma"	"freebayes-variant-USDA1106-psyma-197806-A"	197806	0	"A"	"G"	0.267	0.2279319	0.06302655	-65.54826	185.8952	1e+05	0.0005085824	0.0003452912	0.000880645	"dnf3.change"	0.2279319	197805	197806	2196	"freebayes-variant-USDA1106-psyma-197806-A"	"CDO30_RS18965:traA, Ti-type conjugative transfer relaxase TraA; protein_id=WP_010967486.1"	1	1	4	913	4	851
"USDA1106"	"psyma"	"freebayes-variant-USDA1106-psyma-645177-G"	645177	0	"G"	"C"	0.07	0.6006042	0.1457507	-65.64422	6.187217	1e+05	8.814319e-05	0.0003826078	0.0009519429	"dnf3.change"	0.6006042	645176	645177	4971	"freebayes-variant-USDA1106-psyma-645177-G"	"CDO30_RS21490:S8 family serine peptidase; protein_id=WP_010967075.1"	1	1	5	4	5	4
"USDA1106"	"psyma"	"freebayes-variant-USDA1106-psyma-313369-C"	313369	3	"C"	"T"	0.072	0.8033639	0.1572317	-76.80049	11.91467	1e+05	1.993839e-06	5.154428e-07	1.113405e-05	"dnf4.change"	0.8033639	313368	313369	8294	"freebayes-variant-USDA1106-psyma-313369-C"	"CDO30_RS19605:stc4, stachydrine N-demethylase reductase subunit Stc4; protein_id=WP_010967391.1"	1	1	2	11	2	9
"USDA1106"	"psyma"	"freebayes-variant-USDA1106-psyma-242975-C"	242975	6	"C"	"G"	0.075	0.5234962	0.13479	-70.82218	33.83163	1e+05	0.000204273	0.0001603728	0.0004969328	"dnf6.change"	0.5234962	242974	242975	8922	"freebayes-variant-USDA1106-psyma-242975-C"	"CDO30_RS19190:nodQ, bifunctional sulfate adenylyltransferase/adenylyl-sulfate kinase NodQ; protein_id=WP_010967450.1"	1	1	3	43	3	39
"USDA1106"	"psyma"	"freebayes-variant-USDA1106-psyma-757270-A"	757270	0	"A"	"G"	0.093	-0.7824156	0.1565069	-77.58788	5.008503	1e+05	3.103092e-06	2.592956e-05	0.003742706	"dnf5dnf2.change"	0.7824156	757269	757270	4386	"freebayes-variant-USDA1106-psyma-757270-A"	"CDO30_RS22055:class I SAM-dependent methyltransferase; protein_id=WP_010968214.1"	2	2	5	8	4	6
"USDA1106"	"psyma"	"freebayes-variant-USDA1106-psyma-746980-C"	746980	0	"C"	"T"	0.116	0.6860709	0.1290061	-81.06232	1e+05	1e+05	8.523684e-07	5.861481e-07	1.202046e-05	"nad1change"	0.6860709	746979	746980	4107	"freebayes-variant-USDA1106-psyma-746980-C"	"CDO30_RS22005:amidase; protein_id=WP_010968222.1"	1	1	4	59	4	53
"USDA1106"	"psyma"	"freebayes-variant-USDA1106-psyma-40952-T"	40952	0	"T"	"C"	0.14	1.324879	0.1641333	-77.005	1e+05	1e+05	4.35307e-12	3.150431e-10	0.0001538354	"rdn1.change"	1.324879	40951	40952	3770	"freebayes-variant-USDA1106-psyma-40952-T"	"CDO30_RS18080:fixL, oxygen sensor histidine kinase FixL; protein_id=WP_010967649.1"	1	1	5	14	4	12
"USDA1106"	"psyma"	"freebayes-variant-USDA1106-psyma-640487-G"	640487	0	"G"	"C"	0.07	-1.755261	0.2894462	-116.5734	1e+05	1e+05	3.652694e-08	2.295083e-08	1.931994e-06	"A17"	1.755261	640486	640487	5281	"freebayes-variant-USDA1106-psyma-640487-G"	"CDO30_RS21460:malonyl-CoA synthase; protein_id=WP_010967081.1"	1	1	4	6	4	5
"USDA1106"	"psymb"	"freebayes-variant-USDA1106-psymb-450549-G"	450549	0	"G"	"C"	0.058	0.9098244	0.179555	-88.95828	1e+05	1e+05	2.364295e-06	1.673934e-06	2.276906e-05	"ipd3.change"	0.9098244	450548	450549	10903	"freebayes-variant-USDA1106-psymb-450549-G"	"CDO30_RS27310:ABC transporter ATP-binding protein; protein_id=WP_010975248.1"	1	1	1	5	1	5
"USDA1106"	"psymb"	"freebayes-variant-USDA1106-psymb-729954-A"	729954	0	"A"	"G"	0.058	0.9533063	0.1930274	-89.46496	1e+05	1e+05	3.948927e-06	2.837069e-06	3.168625e-05	"ipd3.change"	0.9533063	729953	729954	10601	"freebayes-variant-USDA1106-psymb-729954-A"	"CDO30_RS28740:pepT, peptidase T; protein_id=WP_041170089.1"	1	1	2	2	2	2
"USDA1106"	"psymb"	"freebayes-variant-USDA1106-psymb-717932-C"	717932	1	"C"	"G"	0.059	0.9395265	0.1982138	-90.27645	112.6334	1e+05	8.625633e-06	6.617565e-06	5.459479e-05	"ipd3.change"	0.9395265	717931	717932	12013	"freebayes-variant-USDA1106-psymb-717932-C"	"CDO30_RS28675:hypothetical protein; protein_id=WP_010975483.1"	1	1	3	3	3	3
"USDA1106"	"psymb"	"freebayes-variant-USDA1106-psymb-1537930-G"	1537930	0	"G"	"C"	0.07	1.012146	0.2222372	-90.93739	1e+05	1e+05	1.763078e-05	1.321757e-05	8.623917e-05	"ipd3.change"	1.012146	1537929	1537930	9865	"freebayes-variant-USDA1106-psymb-1537975-G"	"CDO30_RS32685:four-carbon acid sugar kinase family protein; protein_id=WP_010976194.1"	7	3	4	1	4	1
"USDA1106"	"psymb"	"freebayes-variant-USDA1106-psymb-586390-C"	586390	0	"C"	"T"	0.07	0.8540814	0.1905922	-91.20959	1e+05	1e+05	2.327255e-05	1.758515e-05	0.0001045066	"ipd3.change"	0.8540814	586389	586390	10121	"freebayes-variant-USDA1106-psymb-579072-G"	"CDO30_RS27930:LysR family transcriptional regulator; protein_id=WP_010975355.1"	2	2	5	8	5	8
"USDA1106"	"psymb"	"freebayes-variant-USDA1106-psymb-331995-T"	331995	0	"T"	"C"	0.128	0.9430465	0.2145658	-118.768	86.264	1e+05	3.216227e-05	2.836718e-05	0.0001448425	"latd.change"	0.9430465	331994	331995	7135	"freebayes-variant-USDA1106-psymb-331995-T"	"CDO30_RS26745:dihydrodipicolinate synthase family protein; protein_id=WP_017273711.1"	1	1	2	13	2	12
"USDA1106"	"psymb"	"freebayes-variant-USDA1106-psymb-475769-T"	475769	0	"T"	"C"	0.07	1.176652	0.2737639	-118.9828	14300.51	1e+05	4.613851e-05	3.556162e-05	0.0001693519	"latd.change"	1.176652	475768	475769	10140	"freebayes-variant-USDA1106-psymb-475769-T"	"CDO30_RS27435:four-carbon acid sugar kinase family protein; protein_id=WP_010975268.1"	1	1	3	4	3	4
"USDA1106"	"psymb"	"freebayes-variant-USDA1106-psymb-732964-C"	732964	0	"C"	"G"	0.07	1.065972	0.2502394	-119.1908	139.8063	1e+05	5.312179e-05	4.42747e-05	0.0001973186	"latd.change"	1.065972	732963	732964	10190	"freebayes-variant-USDA1106-psymb-732964-C"	"CDO30_RS28760:ligD, DNA ligase D; protein_id=WP_041170090.1"	1	1	4	7	4	7
"USDA1106"	"psymb"	"freebayes-variant-USDA1106-psymb-476916-G"	476916	0	"G"	"A"	0.058	1.21668	0.2857826	-119.2661	87.03055	1e+05	5.360153e-05	4.793735e-05	0.0002086305	"latd.change"	1.21668	476915	476916	10913	"freebayes-variant-USDA1106-psymb-476925-G"	"CDO30_RS27440:xanthine dehydrogenase family protein molybdopterin-binding subunit; protein_id=WP_014527494.1"	2	1	5	2	5	2
"USDA1106"	"psymb"	"freebayes-variant-USDA1106-psymb-888212-G"	888212	0	"G"	"A"	0.314	0.3199293	0.06427676	-70.11298	1e-05	1e-05	3.385978e-06	2.051513e-05	0.0005102018	"hcl.change"	0.3199293	888211	888212	2730	"freebayes-variant-USDA1106-psymb-888212-G"	"CDO30_RS29490:mechanosensitive ion channel family protein; protein_id=WP_041170095.1"	1	1	1	107	1	103
"USDA1106"	"psymb"	"freebayes-variant-USDA1106-psymb-888131-C"	888131	0	"C"	"T"	0.291	0.3191611	0.0661505	-70.7084	1e-05	1e-05	6.192205e-06	3.837681e-05	0.0007927268	"hcl.change"	0.3191611	888130	888131	3035	"freebayes-variant-USDA1106-psymb-888131-C"	"CDO30_RS29490:mechanosensitive ion channel family protein; protein_id=WP_041170095.1"	2	1	2	108	2	104
"USDA1106"	"psymb"	"freebayes-variant-USDA1106-psymb-386696-G"	386696	0	"A"	"G"	0.442	0.2785238	0.06341566	-71.33329	0.07401566	0.07346836	3.253767e-05	7.421443e-05	0.0004657821	"hcl.change"	0.2785238	386695	386696	1060	"freebayes-variant-USDA1106-psymb-386696-G"	"CDO30_RS27010:sugar ABC transporter ATP-binding protein; protein_id=WP_015456585.1"	1	1	3	193	3	184
"USDA1106"	"psymb"	"freebayes-variant-USDA1106-psymb-388166-C"	388166	0	"A"	"C"	0.419	0.2843318	0.06141914	-71.45533	1e-05	1e-05	1.322997e-05	8.444067e-05	0.0009297745	"hcl.change"	0.2843318	388165	388166	1482	"freebayes-variant-USDA1106-psymb-388166-C"	"CDO30_RS27015:ABC transporter permease; protein_id=WP_010975200.1"	1	1	4	174	4	166
"USDA1106"	"psymb"	"freebayes-variant-USDA1106-psymb-844436-C"	844436	0	"C"	"G"	0.093	0.4717715	0.1090807	-71.47299	0.08609845	0.08865532	4.176348e-05	8.603401e-05	0.0005241216	"hcl.change"	0.4717715	844435	844436	8603	"freebayes-variant-USDA1106-psymb-844436-C"	"CDO30_RS29305:amino acid ABC transporter ATP-binding protein; protein_id=WP_003537169.1"	1	1	5	2	5	2
"USDA1106"	"psymb"	"freebayes-variant-USDA1106-psymb-437897-C"	437897	0	"C"	"T"	0.07	0.8298385	0.1582512	-87.70898	1e+05	1e+05	1.155623e-06	8.01631e-07	1.45075e-05	"dnf1.change"	0.8298385	437896	437897	10122	"freebayes-variant-USDA1106-psymb-437897-C"	"CDO30_RS27255:hypothetical protein; protein_id=WP_010975237.1"	1	1	1	8	1	7
"USDA1106"	"psymb"	"freebayes-variant-USDA1106-psymb-76707-A"	76707	0	"A"	"G"	0.07	0.7962987	0.1812526	-90.99217	1e+05	1e+05	3.238295e-05	2.469942e-05	0.0001317017	"dnf1.change"	0.7962987	76706	76707	9941	"freebayes-variant-USDA1106-psymb-76707-A"	"CDO30_RS25485:pyridoxamine 5'-phosphate oxidase family protein; protein_id=WP_010974934.1"	1	1	3	13	3	12
"USDA1106"	"psymb"	"freebayes-variant-USDA1106-psymb-1396862-G"	1396862	8	"G"	"T"	0.077	0.9088431	0.2122733	-91.39791	1e+05	1e+05	4.90493e-05	3.785378e-05	0.0001768701	"dnf1.change"	0.9088431	1396861	1396862	13710	"freebayes-variant-USDA1106-psymb-1396862-G"	"CDO30_RS31870:hypothetical protein (pseudogene)"	1	1	4	3	4	3
"USDA1106"	"psymb"	"freebayes-variant-USDA1106-psymb-1443730-A"	1443730	0	"A"	"G"	0.105	0.8639558	0.2029958	-91.4893	1e+05	1e+05	5.386466e-05	4.168031e-05	0.0001891574	"dnf1.change"	0.8639558	1443729	1443730	8364	"freebayes-variant-USDA1106-psymb-1452120-G"	"CDO30_RS32205:sugar ABC transporter permease; protein_id=WP_010976104.1"	10	7	5	7	NA	NA
"USDA1106"	"psymb"	"freebayes-variant-USDA1106-psymb-478236-A"	478236	0	"A"	"G"	0.058	0.8323965	0.2059134	-88.2447	1e+05	1e+05	0.0001167333	9.232245e-05	0.0003325061	"dnf2.change"	0.8323965	478235	478236	10915	"freebayes-variant-USDA1106-psymb-478749-G"	"CDO30_RS27440:xanthine dehydrogenase family protein molybdopterin-binding subunit; protein_id=WP_014527494.1"	42	2	3	2	3	2
"USDA1106"	"psymb"	"freebayes-variant-USDA1106-psymb-692209-T"	692209	3	"T"	"G"	0.06	0.8627821	0.2168004	-88.46129	1e+05	1e+05	0.0001459248	0.0001161376	0.0003925303	"dnf2.change"	0.8627821	692208	692209	12516	"freebayes-variant-USDA1106-psymb-692209-T"	"CDO30_RS28530:ABC transporter ATP-binding protein; protein_id=WP_010975455.1"	2	2	4	1	4	1
"USDA1106"	"psymb"	"freebayes-variant-USDA1106-psymb-475733-T"	475733	0	"T"	"C"	0.081	0.6775535	0.1326822	-61.23186	1e+05	1e+05	2.016782e-06	1.421428e-06	2.057879e-05	"dnf3.change"	0.6775535	475732	475733	9671	"freebayes-variant-USDA1106-psymb-475673-G"	"CDO30_RS27435:four-carbon acid sugar kinase family protein; protein_id=WP_010975268.1"	3	1	4	4	4	4
"USDA1106"	"psymb"	"freebayes-variant-USDA1106-psymb-478443-T"	478443	0	"T"	"G"	0.093	0.535943	0.1172442	-63.30521	1e+05	1e+05	1.653504e-05	1.237354e-05	8.251746e-05	"dnf3.change"	0.535943	478442	478443	9254	"freebayes-variant-USDA1106-psymb-478443-T"	"CDO30_RS27440:xanthine dehydrogenase family protein molybdopterin-binding subunit; protein_id=WP_014527494.1"	1	1	5	12	5	12
"USDA1106"	"psymb"	"freebayes-variant-USDA1106-psymb-1043519-A"	1043519	0	"A"	"G"	0.058	0.7919452	0.1532024	-79.67114	1e+05	1e+05	1.565089e-06	1.095117e-06	1.753466e-05	"dnf4.change"	0.7919452	1043518	1043519	10882	"freebayes-variant-USDA1106-psymb-1043519-A"	"CDO30_RS30150:glycosyltransferase; protein_id=WP_010975739.1"	1	1	1	2	1	2
"USDA1106"	"psymb"	"freebayes-variant-USDA1106-psymb-732978-C"	732978	0	"C"	"T"	0.058	0.7792325	0.1686688	-81.81215	1e+05	1e+05	1.372023e-05	1.021287e-05	7.262592e-05	"dnf4.change"	0.7792325	732977	732978	10556	"freebayes-variant-USDA1106-psymb-732978-C"	"CDO30_RS28760:ligD, DNA ligase D; protein_id=WP_041170090.1"	1	1	2	3	2	3
"USDA1106"	"psymb"	"freebayes-variant-USDA1106-psymb-1417882-G"	1417882	0	"G"	"C"	0.14	0.6296324	0.1445968	-82.88249	38.26654	1e+05	3.744041e-05	3.141034e-05	0.0001553939	"dnf4.change"	0.6296324	1417881	1417882	7355	"freebayes-variant-USDA1106-psymb-1417882-G"	"CDO30_RS32015:sugar ABC transporter substrate-binding protein; protein_id=WP_010976071.1"	1	1	3	10	3	10
"USDA1106"	"psymb"	"freebayes-variant-USDA1106-psymb-180367-C"	180367	0	"G"	"C"	0.058	0.6951359	0.1641922	-83.2311	1e+05	1e+05	5.84685e-05	4.534781e-05	0.0002006573	"dnf4.change"	0.6951359	180366	180367	11113	"freebayes-variant-USDA1106-psymb-181782-T"	"CDO30_RS25985:NAD(P)/FAD-dependent oxidoreductase; protein_id=WP_010975023.1"	2	2	4	5	4	5
"USDA1106"	"psymb"	"freebayes-variant-USDA1106-psymb-736836-TG"	736836	5	"TG"	"T"	0.494	-0.3878752	0.1031622	-75.12087	1e+05	1e+05	0.0003133159	0.0002547725	0.0007005113	"dnf6.change"	0.3878752	736835	736836	12884	"freebayes-variant-USDA1106-psymb-736836-TG"	"CDO30_RS34595:helix-turn-helix transcriptional regulator (pseudogene)"	1	1	3	89	3	82
"USDA1106"	"psymb"	"freebayes-variant-USDA1106-psymb-566530-G"	566530	0	"A"	"G"	0.151	0.4437133	0.1174486	-75.18052	62.61323	1e+05	0.000294516	0.0002715087	0.0007347145	"dnf6.change"	0.4437133	566529	566530	6690	"freebayes-variant-USDA1106-psymb-566530-G"	"CDO30_RS27870:LacI family DNA-binding transcriptional regulator; protein_id=WP_010975343.1"	1	1	4	42	4	40
"USDA1106"	"psymb"	"freebayes-variant-USDA1106-psymb-403491-A"	403491	2	"A"	"G"	0.06	0.5081827	0.1367887	-75.26774	1e+05	1e+05	0.0003649097	0.0002979966	0.0007879542	"dnf6.change"	0.5081827	403490	403491	12303	"freebayes-variant-USDA1106-psymb-403491-A"	"CDO30_RS27095:sulfatase (pseudogene)"	1	1	5	10	5	10
"USDA1106"	"psymb"	"freebayes-variant-USDA1106-psymb-1492578-A"	1492578	0	"A"	"C"	0.093	0.6972154	0.1518053	-84.00171	1e+05	1e+05	1.522075e-05	1.136326e-05	7.796241e-05	"dnf7.change"	0.6972154	1492577	1492578	9239	"freebayes-variant-USDA1106-psymb-1492578-A"	"CDO30_RS32445:hypothetical protein; protein_id=WP_088239368.1"	1	1	2	20	2	20
"USDA1106"	"psymb"	"freebayes-variant-USDA1106-psymb-319171-A"	319171	0	"A"	"G"	0.058	0.8363472	0.1639539	-84.61332	1.105317	1e+05	2.06184e-06	2.158439e-05	0.00012011	"dnf7.change"	0.8363472	319170	319171	10281	"freebayes-variant-USDA1106-psymb-319171-A"	"CDO30_RS26680:zinc-binding dehydrogenase; protein_id=WP_010975138.1"	2	1	5	4	5	4
"USDA1106"	"psymb"	"freebayes-variant-USDA1106-psymb-692281-A"	692281	4	"A"	"G"	0.073	0.841846	0.1964279	-94.60814	1e+05	1e+05	4.827769e-05	3.724158e-05	0.0001748743	"dnf1dnf2.change"	0.841846	692280	692281	12841	"freebayes-variant-USDA1106-psymb-692281-A"	"CDO30_RS28530:ABC transporter ATP-binding protein; protein_id=WP_010975455.1"	1	1	5	11	5	10
"USDA1106"	"psymb"	"freebayes-variant-USDA1106-psymb-1492386-G"	1492386	0	"A"	"G"	0.105	0.5280886	0.113232	-65.12973	1e+05	1e+05	1.158785e-05	8.584286e-06	6.474924e-05	"dnf5dnf2.change"	0.5280886	1492385	1492386	8754	"freebayes-variant-USDA1106-psymb-1492386-G"	"CDO30_RS32445:hypothetical protein; protein_id=WP_088239368.1"	2	1	2	15	2	15
"USDA1106"	"psymb"	"freebayes-variant-USDA1106-psymb-900462-C"	900462	0	"T"	"C"	0.174	-0.5854458	0.1463814	-83.38251	1e+05	1e+05	0.0001360264	0.0001080458	0.0003724979	"nad1change"	0.5854458	900461	900462	6403	"freebayes-variant-USDA1106-psymb-900462-C"	"CDO30_RS29535:ABC transporter substrate-binding protein; protein_id=WP_010975625.1"	1	1	2	30	2	27
"USDA1106"	"psymb"	"freebayes-variant-USDA1106-psymb-1313025-T"	1313025	0	"T"	"G"	0.081	0.6962649	0.1846196	-84.15159	1e+05	1e+05	0.000301237	0.0002446807	0.0006796561	"nad1change"	0.6962649	1313024	1313025	9525	"freebayes-variant-USDA1106-psymb-1313025-T"	"CDO30_RS31425:xdhA, xanthine dehydrogenase small subunit; protein_id=WP_010975969.1"	1	1	4	5	4	5
"USDA1106"	"psymb"	"freebayes-variant-USDA1106-psymb-317771-C"	317771	0	"C"	"G"	0.5	-0.3569533	0.09583871	-84.30553	1e+05	1e+05	0.0003534114	0.0002883479	0.0007686805	"nad1change"	0.3569533	317770	317771	159	"freebayes-variant-USDA1106-psymb-317771-C"	"CDO30_RS26675:NAD-dependent epimerase/dehydratase family protein; protein_id=WP_010975137.1"	1	1	5	366	5	341
"USDA1106"	"psymb"	"freebayes-variant-USDA1106-psymb-1584650-T"	1584650	0	"T"	"A"	0.058	0.8881718	0.1758781	-77.54845	1e+05	1e+05	2.533186e-06	1.797044e-06	2.379526e-05	"rdn1.change"	0.8881718	1584649	1584650	10728	"freebayes-variant-USDA1106-psymb-1584650-T"	"CDO30_RS32910:LysR family transcriptional regulator; protein_id=WP_017275931.1"	1	1	1	4	1	4
"USDA1106"	"psymb"	"freebayes-variant-USDA1106-psymb-1433325-T"	1433325	0	"T"	"G"	0.07	0.9448385	0.1933178	-78.18705	1e+05	1e+05	4.837047e-06	3.495281e-06	3.617403e-05	"rdn1.change"	0.9448385	1433324	1433325	9926	"freebayes-variant-USDA1106-psymb-1340557-A"	"CDO30_RS31555:MASE1 domain-containing protein; protein_id=WP_010975994.1"	4	3	3	1	3	1
"USDA1106"	"psymb"	"freebayes-variant-USDA1106-psymb-458255-C"	458255	0	"C"	"T"	0.058	0.7436798	0.1608156	-79.21489	55.42132	1e+05	1.348368e-05	1.165408e-05	7.928549e-05	"sunn1.change"	0.7436798	458254	458255	10909	"freebayes-variant-USDA1106-psymb-458255-C"	"CDO30_RS27355:aspartate aminotransferase family protein; protein_id=WP_010975253.1"	2	1	4	10	4	10
"USDA1106"	"psymb"	"freebayes-variant-USDA1106-psymb-596975-C"	596975	0	"C"	"G"	0.093	0.7987636	0.1759002	-79.43466	93.87651	1e+05	1.854991e-05	1.467305e-05	9.24978e-05	"sunn1.change"	0.7987636	596974	596975	9111	"freebayes-variant-USDA1106-psymb-596975-C"	"CDO30_RS28005:araG, L-arabinose ABC transporter ATP-binding protein AraG; protein_id=WP_010975368.1"	1	1	5	4	5	4
"USDA1106"	"psymb"	"freebayes-variant-USDA1106-psymb-615180-G"	615180	0	"G"	"C"	0.14	0.5667471	0.1300787	-85.24959	81.01385	1e+05	3.708613e-05	3.02844e-05	0.0001515239	"sunn4.change"	0.5667471	615179	615180	6943	"freebayes-variant-USDA1106-psymb-615456-T"	"CDO30_RS28095:flavodoxin family protein; protein_id=WP_010975382.1"	4	1	1	28	1	27
"USDA1106"	"psymb"	"freebayes-variant-USDA1106-psymb-1394888-T"	1394888	6	"T"	"C"	0.212	0.4521509	0.1063122	-85.56526	1031.435	1e+05	5.445772e-05	4.222775e-05	0.0001908903	"sunn4.change"	0.4521509	1394887	1394888	13501	"freebayes-variant-USDA1106-psymb-1394888-T"	"CDO30_RS31845:glycoside hydrolase family 19 protein (pseudogene)"	1	1	3	129	3	120
"USDA1106"	"psymb"	"freebayes-variant-USDA1106-psymb-615186-C"	615186	0	"G"	"C"	0.163	0.4792643	0.1202757	-86.57364	73.6609	1e+05	0.0001433169	0.0001226313	0.0004083687	"sunn4.change"	0.4792643	615185	615186	6369	"freebayes-variant-USDA1106-psymb-615186-C"	"CDO30_RS28095:flavodoxin family protein; protein_id=WP_010975382.1"	1	1	5	95	5	88
"USDA1106"	"chr"	"freebayes-variant-USDA1106-chr-3271269-AG"	3271269	0	"A"	"AG"	0.07	1.477372	0.3439861	-78.7324	4.214361	4.238519	4.66865e-05	7.375114e-05	0.000459383	"ipd3.change"	1.477372	3271268	3271269	901	"freebayes-variant-USDA1106-chr-3383316-T"	"CDO30_RS16380:recA, recombinase RecA; protein_id=WP_010969478.1"	144	65	1	3	NA	NA
"USDA1106"	"chr"	"freebayes-variant-USDA1106-chr-1409936-G"	1409936	6	"G"	"T"	0.188	0.997911	0.2791246	-80.77875	5.066957	5.131284	0.0005834503	0.0006526769	0.001782285	"ipd3.change"	0.997911	1409935	1409936	1468	"freebayes-variant-USDA1106-chr-1409935-A"	"CDO30_RS06970:TonB-dependent receptor; protein_id=WP_010968430.1"	4	1	2	26	1	11
"USDA1106"	"chr"	"freebayes-variant-USDA1106-chr-1407882-C"	1407882	6	"C"	"T"	0.25	0.9024851	0.261035	-81.04161	5.439874	5.502868	0.0008586094	0.0008662343	0.002068478	"ipd3.change"	0.9024851	1407881	1407882	1462	"freebayes-variant-USDA1106-chr-1407882-C"	"CDO30_RS06960:MFS transporter; protein_id=WP_010968432.1"	1	1	3	46	2	20
"USDA1106"	"chr"	"freebayes-variant-USDA1106-chr-824795-A"	824795	0	"A"	"C"	0.081	1.504056	0.4330632	-81.0794	5.130112	5.162348	0.0008158244	0.0009022748	0.002276924	"ipd3.change"	1.504056	824794	824795	991	"freebayes-variant-USDA1106-chr-824795-A"	"CDO30_RS04135:MBL fold metallo-hydrolase; protein_id=WP_015445556.1"	21	15	4	1	NA	NA
"USDA1106"	"chr"	"freebayes-variant-USDA1106-chr-2902604-G"	2902604	0	"G"	"A"	0.081	1.504056	0.4330632	-81.0794	5.130112	5.162348	0.0008158244	0.0009022748	0.002276924	"ipd3.change"	1.504056	2902603	2902604	842	"freebayes-variant-USDA1106-chr-3211992-C"	"CDO30_RS15555:cobN, cobaltochelatase subunit CobN; protein_id=WP_015445621.1"	280	147	5	2	NA	NA
"USDA1106"	"chr"	"freebayes-variant-USDA1106-chr-2558291-A"	2558291	0	"A"	"C"	0.093	1.625814	0.3406243	-118.7506	1.955084	2.002364	7.582262e-06	6.380245e-06	5.695706e-05	"latd.change"	1.625814	2558290	2558291	838	"freebayes-variant-USDA1106-chr-2558291-A"	"CDO30_RS12270:glutamine synthetase family protein; protein_id=WP_013844805.1"	1	1	1	4	1	1
"USDA1106"	"chr"	"freebayes-variant-USDA1106-chr-364938-C"	364938	0	"C"	"A"	0.36	-1.313327	0.3773218	-123.6152	1.561088	1.519543	0.0007959057	0.001105793	0.003368277	"latd.change"	1.313327	364937	364938	56	"freebayes-variant-USDA1106-chr-480460-G"	"CDO30_RS02435:rkpK, UDP-glucose 6-dehydrogenase; protein_id=WP_010969031.1"	10	7	5	18	NA	NA
"USDA1106"	"chr"	"freebayes-variant-USDA1106-chr-1557863-C"	1557863	0	"C"	"T"	0.302	0.6982207	0.1625098	-68.40802	0.4920027	0.4473973	4.640731e-05	6.30224e-05	0.0005464262	"hcl.change"	0.6982207	1557862	1557863	213	"freebayes-variant-USDA1106-chr-1557863-C"	"CDO30_RS07655:sarcosine oxidase subunit alpha; protein_id=WP_010968344.1"	4	2	1	2	1	2
"USDA1106"	"chr"	"freebayes-variant-USDA1106-chr-1559514-C"	1559514	0	"C"	"T"	0.058	0.7638754	0.1813605	-68.72305	0.4887005	0.4619503	6.33114e-05	8.793581e-05	0.0006321977	"hcl.change"	0.7638754	1559513	1559514	984	"freebayes-variant-USDA1106-chr-1559514-C"	"CDO30_RS07660:sarcosine oxidase subunit gamma; protein_id=WP_010968343.1"	1	1	2	1	2	1
"USDA1106"	"chr"	"freebayes-variant-USDA1106-chr-1559298-A"	1559298	0	"A"	"G"	0.291	0.6313523	0.1710212	-70.31808	0.5858738	0.5321668	0.0003950429	0.0004806005	0.001864304	"hcl.change"	0.6313523	1559297	1559298	262	"freebayes-variant-USDA1106-chr-1548640-C"	"CDO30_RS07610:hypothetical protein; protein_id=WP_013844967.1"	4	3	3	7	3	5
"USDA1106"	"chr"	"freebayes-variant-USDA1106-chr-1543818-G"	1543818	2	"G"	"C"	0.107	-0.5554635	0.1687443	-71.19667	1.142488	1.147016	0.001457419	0.001238302	0.002374195	"hcl.change"	0.5554635	1543817	1543818	1284	"freebayes-variant-USDA1106-chr-1543818-G"	"CDO30_RS07580:purU, formyltetrahydrofolate deformylase; protein_id=WP_003532511.1"	1	1	4	21	4	8
"USDA1106"	"chr"	"freebayes-variant-USDA1106-chr-276586-T"	276586	0	"T"	"C"	0.058	0.6388621	0.1886348	-71.51804	0.4589065	0.4079454	0.00107795	0.00175505	0.005953177	"hcl.change"	0.6388621	276585	276586	990	"freebayes-variant-USDA1106-chr-276586-T"	"CDO30_RS01435:NADH ubiquinone oxidoreductase; protein_id=WP_010969147.1"	7	5	5	5	NA	NA
"USDA1106"	"chr"	"freebayes-variant-USDA1106-chr-932207-C"	932207	0	"C"	"T"	0.36	-1.137941	0.2739988	-55.7836	9.670863	10.01267	7.842067e-05	0.0002128935	0.007069045	"dnf1.change"	1.137941	932206	932207	54	"freebayes-variant-USDA1106-chr-932198-G"	"CDO30_RS04655:flagellar basal body P-ring protein FlgI; protein_id=WP_003529892.1"	7	6	1	18	NA	NA
"USDA1106"	"chr"	"freebayes-variant-USDA1106-chr-46610-T"	46610	0	"T"	"C"	0.058	1.454121	0.3568606	-56.12623	9.423056	9.772078	0.0001040001	0.000306792	0.007878415	"dnf1.change"	1.454121	46609	46610	959	"freebayes-variant-USDA1106-chr-3527649-C"	"CDO30_RS17140:molybdopterin molybdotransferase MoeA; protein_id=WP_010969380.1"	292	138	3	1	NA	NA
"USDA1106"	"chr"	"freebayes-variant-USDA1106-chr-411308-T"	411308	0	"T"	"C"	0.058	1.454121	0.3568606	-56.12623	9.423056	9.772078	0.0001040001	0.000306792	0.007878415	"dnf1.change"	1.454121	411307	411308	1126	"freebayes-variant-USDA1106-chr-411308-T"	"CDO30_RS02085:pdxA, 4-hydroxythreonine-4-phosphate dehydrogenase PdxA; protein_id=WP_010969073.1"	8	5	4	2	NA	NA
"USDA1106"	"chr"	"freebayes-variant-USDA1106-chr-540198-A"	540198	0	"A"	"G"	0.372	-1.248163	0.2795325	-76.44014	3.291212	3.277326	2.472315e-05	3.605417e-05	0.0002837392	"dnf2.change"	1.248163	540197	540198	81	"freebayes-variant-USDA1106-chr-540198-A"	"CDO30_RS02735:PAS-domain containing protein; protein_id=WP_013844143.1"	3	1	1	8	1	2
"USDA1106"	"chr"	"freebayes-variant-USDA1106-chr-718550-C"	718550	0	"C"	"G"	0.093	1.286695	0.315586	-77.77071	3.374837	3.382743	0.0001031082	0.0001472207	0.000703636	"dnf2.change"	1.286695	718549	718550	920	"freebayes-variant-USDA1106-chr-718441-C"	"CDO30_RS03630:GGDEF domain-containing phosphodiesterase; protein_id=WP_010968870.1"	2	1	3	6	2	1
"USDA1106"	"chr"	"freebayes-variant-USDA1106-chr-1039053-A"	1039053	0	"A"	"G"	0.093	1.286695	0.315586	-77.77071	3.374837	3.382743	0.0001031082	0.0001472207	0.000703636	"dnf2.change"	1.286695	1039052	1039053	823	"freebayes-variant-USDA1106-chr-1041923-C"	"CDO30_RS05195:mscL, large conductance mechanosensitive channel protein MscL; protein_id=WP_010968654.1"	10	8	4	7	NA	NA
"USDA1106"	"chr"	"freebayes-variant-USDA1106-chr-633296-G"	633296	0	"G"	"C"	0.349	-1.0789	0.2725323	-78.12615	3.450474	3.440957	0.0001570527	0.0002148481	0.0009408348	"dnf2.change"	1.0789	633295	633296	126	"freebayes-variant-USDA1106-chr-240543-G"	"CDO30_RS01280:dprA, DNA-processing protein DprA; protein_id=WP_010969165.1"	13	10	5	24	NA	NA
"USDA1106"	"chr"	"freebayes-variant-USDA1106-chr-1356167-G"	1356167	0	"G"	"A"	0.407	-0.3728907	0.1079109	-70.70668	2.460719	2.534943	0.0008636125	0.0008932649	0.002177735	"dnf3.change"	0.3728907	1356166	1356167	10	"freebayes-variant-USDA1106-chr-1356167-G"	"CDO30_RS06705:GIY-YIG nuclease family protein; protein_id=WP_010968460.1"	1	1	1	219	1	104
"USDA1106"	"chr"	"freebayes-variant-USDA1106-chr-3302782-G"	3302782	0	"G"	"A"	0.116	0.4985809	0.1533948	-71.12837	3.510671	3.695955	0.001659412	0.001409516	0.00265916	"dnf3.change"	0.4985809	3302781	3302782	723	"freebayes-variant-USDA1106-chr-3302782-G"	"CDO30_RS16025:OmpA family protein; protein_id=WP_041170153.1"	1	1	2	117	2	55
"USDA1106"	"chr"	"freebayes-variant-USDA1106-chr-1755295-T"	1755295	0	"T"	"TCTGGCCGGACG"	0.058	0.3682401	0.1216251	-71.80079	2.957679	3.154669	0.00327232	0.002933376	0.004810483	"dnf3.change"	0.3682401	1755294	1755295	1107	"freebayes-variant-USDA1106-chr-1755295-T"	"CDO30_RS08485:autoinducer binding domain-containing protein (pseudogene)"	1	1	4	228	3	110
"USDA1106"	"chr"	"freebayes-variant-USDA1106-chr-555971-C"	555971	0	"C"	"T"	0.372	-0.7282893	0.2441944	-71.94767	2.890481	2.881304	0.003742064	0.003446313	0.005750986	"dnf3.change"	0.7282893	555970	555971	80	"freebayes-variant-USDA1106-chr-877673-G"	"CDO30_RS04400:XRE family transcriptional regulator; protein_id=WP_010968764.1"	5	4	5	10	NA	NA
"USDA1106"	"chr"	"freebayes-variant-USDA1106-chr-3324073-A"	3324073	1	"A"	"G"	0.082	0.8173093	0.1953152	-84.79671	1.271745	1.285366	6.995041e-05	7.663184e-05	0.0003708226	"dnf4.change"	0.8173093	3324072	3324073	1221	"freebayes-variant-USDA1106-chr-3324073-A"	"CDO30_RS16125:LTA synthase family protein; protein_id=WP_003534093.1"	1	1	1	8	1	4
"T073"	"chr"	"pa-CDO28_RS01640-T073-chr-293749-A"	293749	0	"G"	"A"	0.233	-0.3069279	0.09389437	-87.50985	2.467057	2.597199	0.00156593	0.001394276	0.002788682	"dnf4.change"	0.3069279	293748	293749	558	"pa-CDO28_RS01640-T073-chr-293749-A"	"CDO28_RS01640:hypothetical protein; protein_id=WP_088195496.1"	1	1	2	406	2	232
"USDA1106"	"chr"	"freebayes-variant-USDA1106-chr-3478948-C"	3478948	0	"C"	"T"	0.105	0.7309034	0.2221191	-87.66595	1.33625	1.339201	0.001462718	0.001651761	0.00369453	"dnf4.change"	0.7309034	3478947	3478948	786	"freebayes-variant-USDA1106-chr-3478948-C"	"CDO30_RS16855:hypothetical protein; protein_id=WP_015445609.1"	1	1	3	21	3	10
"USDA1106"	"chr"	"freebayes-variant-USDA1106-chr-1053614-T"	1053614	0	"T"	"C"	0.058	0.5787573	0.1795829	-87.73105	1.531223	1.581642	0.001807777	0.001772908	0.003434596	"dnf4.change"	0.5787573	1053613	1053614	1110	"freebayes-variant-USDA1106-chr-1053614-T"	"CDO30_RS05255:Rrf2 family transcriptional regulator; protein_id=WP_003530125.1"	1	1	4	94	4	42
"USDA1106"	"chr"	"freebayes-variant-USDA1106-chr-3359848-G"	3359848	5	"G"	"A"	0.099	1.342872	0.2927291	-67.1747	4.088232	4.104879	1.553879e-05	2.864563e-05	0.000259872	"dnf7.change"	1.342872	3359847	3359848	1427	"freebayes-variant-USDA1106-chr-3359848-G"	"CDO30_RS16285:cytochrome c1; protein_id=WP_010969491.1"	1	1	1	2	1	1
"USDA1106"	"chr"	"freebayes-variant-USDA1106-chr-3509635-G"	3509635	0	"G"	"A"	0.093	1.340533	0.3024433	-67.77006	4.063376	4.071549	2.797575e-05	5.363967e-05	0.0004147129	"dnf7.change"	1.340533	3509634	3509635	794	"freebayes-variant-USDA1106-chr-3355597-A"	"CDO30_RS16270:ABC transporter ATP-binding protein/permease; protein_id=WP_010969492.1"	176	70	3	3	NA	NA
"USDA1106"	"chr"	"freebayes-variant-USDA1106-chr-1543734-G"	1543734	6	"G"	"A"	0.3	-0.6241513	0.160773	-69.07387	9.98183	10.93224	0.0002054157	0.0002136213	0.0008213371	"dnf7.change"	0.6241513	1543733	1543734	1451	"freebayes-variant-USDA1106-chr-1543734-G"	"CDO30_RS07580:purU, formyltetrahydrofolate deformylase; protein_id=WP_003532511.1"	1	1	4	156	2	68
"USDA1106"	"chr"	"freebayes-variant-USDA1106-chr-2481240-T"	2481240	0	"C"	"T"	0.36	-0.4687624	0.134824	-70.14007	6.978694	7.413697	0.000805838	0.0006684817	0.001463919	"dnf7.change"	0.4687624	2481239	2481240	63	"freebayes-variant-USDA1106-chr-2481240-T"	"CDO30_RS11905:electron transfer flavoprotein subunit beta/FixA family protein; protein_id=WP_010970096.1"	1	1	5	260	3	116
"USDA1106"	"chr"	"freebayes-variant-USDA1106-chr-57536-A"	57536	0	"A"	"G"	0.128	-0.783791	0.2246861	-78.47315	14.14119	15.78417	0.0007760988	0.0006911944	0.001736945	"dnf1dnf2.change"	0.783791	57535	57536	685	"freebayes-variant-USDA1106-chr-57536-A"	"CDO30_RS00270:AzlC family ABC transporter permease; protein_id=WP_003535007.1"	1	1	5	113	3	48
"USDA1106"	"chr"	"freebayes-variant-USDA1106-chr-3482665-C"	3482665	0	"C"	"T"	0.314	0.6145385	0.1921829	-64.21316	6.085677	6.457717	0.001953872	0.001695688	0.003060463	"dnf5dnf2.change"	0.6145385	3482664	3482665	149	"freebayes-variant-USDA1106-chr-3482665-C"	"CDO30_RS16895:BCCT family transporter; protein_id=WP_010969412.1"	1	1	5	64	5	32
"USDA1106"	"chr"	"freebayes-variant-USDA1106-chr-2081647-C"	2081647	0	"C"	"T"	0.314	0.8031989	0.1841693	-76.17593	9.924429	11.44194	3.650492e-05	8.378512e-05	0.0007172185	"nad1change"	0.8031989	2081646	2081647	170	"freebayes-variant-USDA1106-chr-2081647-C"	"CDO30_RS10040:translocation/assembly module TamB; protein_id=WP_010970344.1"	1	1	1	42	1	19
"USDA1106"	"chr"	"freebayes-variant-USDA1106-chr-604738-T"	604738	0	"T"	"C"	0.337	-1.042323	0.3156726	-78.95106	3.459314	3.436339	0.001411516	0.001634341	0.003850193	"nad1change"	1.042323	604737	604738	93	"freebayes-variant-USDA1106-chr-604738-T"	"CDO30_RS03085:EAL domain-containing protein; protein_id=WP_010968951.1"	48	32	2	10	NA	NA
"USDA1106"	"chr"	"freebayes-variant-USDA1106-chr-1241062-C"	1241062	0	"C"	"G"	0.395	-0.558041	0.1735249	-79.19859	3.473867	3.520484	0.00184672	0.00213979	0.004605129	"nad1change"	0.558041	1241061	1241062	18	"freebayes-variant-USDA1106-chr-1241062-C"	"CDO30_RS06075:sppA, signal peptide peptidase SppA; protein_id=WP_010968542.1"	1	1	4	170	2	77
"USDA1106"	"chr"	"freebayes-variant-USDA1106-chr-565635-A"	565635	0	"A"	"G"	0.256	1.234804	0.3126073	-54.24157	9.032848	9.31529	0.0001619858	0.0002455066	0.0010379	"rdn1.change"	1.234804	565634	565635	448	"freebayes-variant-USDA1106-chr-565635-A"	"CDO30_RS02865:HAMP domain-containing histidine kinase; protein_id=WP_010968980.1"	1	1	1	1	1	1
"USDA1106"	"chr"	"freebayes-variant-USDA1106-chr-935868-C"	935868	0	"C"	"T"	0.256	1.234804	0.3126073	-54.24157	9.032848	9.31529	0.0001619858	0.0002455066	0.0010379	"rdn1.change"	1.234804	935867	935868	385	"freebayes-variant-USDA1106-chr-910188-G"	"CDO30_RS04545:flhA, flagellar biosynthesis protein FlhA; protein_id=WP_010968749.1"	33	26	3	3	NA	NA
"USDA1106"	"chr"	"freebayes-variant-USDA1106-chr-983013-T"	983013	0	"T"	"C"	0.256	1.234804	0.3126073	-54.24157	9.032848	9.31529	0.0001619858	0.0002455066	0.0010379	"rdn1.change"	1.234804	983012	983013	470	"freebayes-variant-USDA1106-chr-1013787-T"	"CDO30_RS05080:SDR family NAD(P)-dependent oxidoreductase (pseudogene)"	43	22	4	4	NA	NA
"USDA1106"	"chr"	"freebayes-variant-USDA1106-chr-1044144-T"	1044144	0	"T"	"C"	0.058	0.9481244	0.2380656	-56.91215	4.251761	4.2958	0.0001443836	0.0002261721	0.0009820016	"sunn1.change"	0.9481244	1044143	1044144	1012	"freebayes-variant-USDA1106-chr-1044144-T"	"CDO30_RS05200:hybrid sensor histidine kinase/response regulator; protein_id=WP_010968653.1"	4	3	1	11	1	6
"USDA1106"	"chr"	"freebayes-variant-USDA1106-chr-32798-C"	32798	0	"C"	"G"	0.174	0.7011632	0.1650499	-66.41446	4.134085	4.285187	5.543787e-05	0.0001260824	0.001008266	"sunn4.change"	0.7011632	32797	32798	608	"freebayes-variant-USDA1106-chr-32798-C"	"CDO30_RS00140:exbD, TonB system transport protein ExbD; protein_id=WP_010969268.1"	1	1	1	91	1	45
"USDA1106"	"chr"	"freebayes-variant-USDA1106-chr-3542316-G"	3542316	0	"G"	"T"	0.349	0.6576652	0.1591853	-66.57858	4.566865	4.730643	8.480904e-05	0.0001500783	0.0009541489	"sunn4.change"	0.6576652	3542315	3542316	72	"freebayes-variant-USDA1106-chr-3542316-G"	"CDO30_RS17200:mfd, transcription-repair coupling factor; protein_id=WP_010969372.1"	1	1	2	117	2	54
"USDA1106"	"chr"	"freebayes-variant-USDA1106-chr-3600300-G"	3600300	0	"G"	"A"	0.105	0.651006	0.1562764	-66.65599	4.216165	4.357168	7.490516e-05	0.0001629444	0.001184357	"sunn4.change"	0.651006	3600299	3600300	874	"freebayes-variant-USDA1106-chr-3600300-G"	"CDO30_RS17535:winged helix-turn-helix domain-containing tetratricopeptide repeat protein; protein_id=WP_014526760.1"	1	1	3	122	3	56
"USDA1106"	"chr"	"freebayes-variant-USDA1106-chr-867141-T"	867141	0	"T"	"G"	0.07	1.107687	0.2960601	-68.04896	4.310174	4.343195	0.0003336552	0.0007224952	0.002752317	"sunn4.change"	1.107687	867140	867141	1066	"freebayes-variant-USDA1106-chr-864814-T"	"CDO30_RS04360:PAS domain S-box protein; protein_id=WP_010968771.1"	3	2	5	1	5	1
