"Organism"	"Replicon"	"ldg"	"ps"	"n_miss"	"allele1"	"allele0"	"af"	"beta"	"se"	"logl_H1"	"l_remle"	"l_mle"	"p_wald"	"p_lrt"	"p_score"	"run"	"beta_ab"	"start"	"stop"	"ld_group"	"ld_snps"	"description"	"variant_group_size"	"gene_group_size"	"pr"	"br"	"prs"	"brs"	"like"
"USDA1106"	"psyma"	"freebayes-variant-USDA1106-psyma-40952-T"	40952	0	"T"	"C"	0.14	-1.828944	0.2395647	-109.5255	1e+05	1e+05	3.253742e-11	1.670603e-11	6.363351e-08	"A17"	1.828944	40951	40952	3770	"freebayes-variant-USDA1106-psyma-40952-T"	"CDO30_RS18080:fixL, oxygen sensor histidine kinase FixL; protein_id=WP_010967649.1"	1	1	1	5	1	4	0
"USDA1106"	"psyma"	"freebayes-variant-USDA1106-psyma-640868-G"	640868	0	"G"	"A"	0.07	-2.042067	0.3060127	-113.8969	1e+05	1e+05	2.517877e-09	1.465049e-09	4.772082e-07	"A17"	2.042067	640867	640868	5279	"freebayes-variant-USDA1106-psyma-640868-G"	"CDO30_RS21460:malonyl-CoA synthase; protein_id=WP_010967081.1"	1	1	3	2	3	2	0
"USDA1106"	"psyma"	"freebayes-variant-USDA1106-psyma-640487-G"	640487	0	"G"	"C"	0.07	-1.755261	0.2894462	-116.5734	1e+05	1e+05	3.652694e-08	2.295083e-08	1.931994e-06	"A17"	1.755261	640486	640487	5281	"freebayes-variant-USDA1106-psyma-640487-G"	"CDO30_RS21460:malonyl-CoA synthase; protein_id=WP_010967081.1"	1	1	4	6	4	5	0
"USDA1106"	"psyma"	"freebayes-variant-USDA1106-psyma-814058-C"	814058	2	"C"	"T"	0.06	-1.699491	0.2492104	-113.2413	1e+05	1e+05	1.309702e-09	7.478744e-10	3.457338e-07	"A17"	1.699491	814057	814058	7969	"freebayes-variant-USDA1106-psyma-814058-C"	"CDO30_RS22325:hypothetical protein; protein_id=WP_041170015.1"	1	1	2	8	2	7	0
"USDA1106"	"psyma"	"freebayes-variant-USDA1106-psyma-953094-G"	953094	6	"G"	"C"	0.075	-2.157414	0.3567932	-116.649	1e+05	1e+05	3.940132e-08	2.481075e-08	2.013986e-06	"A17"	2.157414	953093	953094	9034	"freebayes-variant-USDA1106-psyma-953094-G"	"CDO30_RS23065:SGNH/GDSL hydrolase family protein; protein_id=WP_010968046.1"	1	1	5	1	5	1	0.001
"USDA1106"	"psymb"	"freebayes-variant-USDA1106-psymb-437897-C"	437897	0	"C"	"T"	0.07	-1.309016	0.2374788	-126.4743	0.2639625	1e+05	3.817722e-07	5.651546e-07	1.17616e-05	"A17"	1.309016	437896	437897	10122	"freebayes-variant-USDA1106-psymb-437897-C"	"CDO30_RS27255:hypothetical protein; protein_id=WP_010975237.1"	1	1	1	8	1	8	0
"USDA1106"	"psyma"	"freebayes-variant-USDA1106-psyma-40952-T"	40952	0	"T"	"C"	0.14	1.345604	0.1949525	-91.80366	1e+05	1e+05	9.038191e-10	2.750824e-08	0.001166639	"dnf1.change"	1.345604	40951	40952	3770	"freebayes-variant-USDA1106-psyma-40952-T"	"CDO30_RS18080:fixL, oxygen sensor histidine kinase FixL; protein_id=WP_010967649.1"	1	1	6	13	5	11	0
"USDA1106"	"psyma"	"freebayes-variant-USDA1106-psyma-640868-G"	640868	0	"G"	"A"	0.07	1.730121	0.2283776	-88.73104	1e+05	1e+05	4.25763e-11	1.16863e-09	0.001642492	"dnf1.change"	1.730121	640867	640868	5279	"freebayes-variant-USDA1106-psyma-640868-G"	"CDO30_RS21460:malonyl-CoA synthase; protein_id=WP_010967081.1"	1	1	2	4	2	3	0
"USDA1106"	"psyma"	"freebayes-variant-USDA1106-psyma-814058-C"	814058	2	"C"	"T"	0.06	1.258107	0.1703976	-85.69525	2.652014	1e+05	1.024552e-10	5.220919e-11	1.095772e-06	"dnf1.change"	1.258107	814057	814058	7969	"freebayes-variant-USDA1106-psyma-814058-C"	"CDO30_RS22325:hypothetical protein; protein_id=WP_041170015.1"	1	1	1	17	1	15	0
"USDA1106"	"psyma"	"freebayes-variant-USDA1106-psyma-953094-G"	953094	6	"G"	"C"	0.075	1.910508	0.261712	-89.99659	1e+05	1e+05	1.496883e-10	4.284647e-09	0.009919465	"dnf1.change"	1.910508	953093	953094	9034	"freebayes-variant-USDA1106-psyma-953094-G"	"CDO30_RS23065:SGNH/GDSL hydrolase family protein; protein_id=WP_010968046.1"	1	1	3	1	3	1	0.001
"USDA1106"	"psymb"	"freebayes-variant-USDA1106-psymb-437897-C"	437897	0	"C"	"T"	0.07	0.8298385	0.1582512	-87.70898	1e+05	1e+05	1.155623e-06	8.01631e-07	1.45075e-05	"dnf1.change"	0.8298385	437896	437897	10122	"freebayes-variant-USDA1106-psymb-437897-C"	"CDO30_RS27255:hypothetical protein; protein_id=WP_010975237.1"	1	1	1	8	1	7	0
"USDA1106"	"psyma"	"freebayes-variant-USDA1106-psyma-970334-C"	970334	1	"C"	"A"	0.071	1.814113	0.2500507	-90.20249	1e+05	1e+05	1.83691e-10	5.294332e-09	0.0161618	"dnf1.change"	1.814113	NA	NA	NA	""	""	0	0	4	2	4	2	0
"USDA1106"	"psymb"	"freebayes-variant-USDA1106-psymb-437897-C"	437897	0	"C"	"T"	0.07	0.8598085	0.1644086	-90.99168	1e+05	1e+05	1.22405e-06	8.504944e-07	1.503598e-05	"dnf1dnf2.change"	0.8598085	437896	437897	10122	"freebayes-variant-USDA1106-psymb-437897-C"	"CDO30_RS27255:hypothetical protein; protein_id=WP_010975237.1"	1	1	1	8	1	7	0
"USDA1106"	"psymb"	"freebayes-variant-USDA1106-psymb-717932-C"	717932	1	"C"	"G"	0.059	0.9683011	0.2054037	-93.0185	1e+05	1e+05	9.536191e-06	7.025376e-06	5.676941e-05	"dnf1dnf2.change"	0.9683011	717931	717932	12013	"freebayes-variant-USDA1106-psymb-717932-C"	"CDO30_RS28675:hypothetical protein; protein_id=WP_010975483.1"	1	1	3	3	3	3	0
"USDA1106"	"psymb"	"freebayes-variant-USDA1106-psymb-692209-T"	692209	3	"T"	"G"	0.06	1.145402	0.2246423	-91.51707	1e+05	1e+05	2.081294e-06	1.468215e-06	2.099418e-05	"dnf1dnf2.change"	1.145402	692208	692209	12516	"freebayes-variant-USDA1106-psymb-692209-T"	"CDO30_RS28530:ABC transporter ATP-binding protein; protein_id=WP_010975455.1"	2	2	2	1	2	1	0
"USDA1106"	"psyma"	"freebayes-variant-USDA1106-psyma-640868-G"	640868	0	"G"	"A"	0.07	1.296229	0.2149516	-83.52053	1e+05	1e+05	4.228347e-08	2.667962e-08	2.093743e-06	"dnf2.change"	1.296229	640867	640868	5279	"freebayes-variant-USDA1106-psyma-640868-G"	"CDO30_RS21460:malonyl-CoA synthase; protein_id=WP_010967081.1"	1	1	5	4	4	3	0
"USDA1106"	"psyma"	"freebayes-variant-USDA1106-psyma-965852-A"	965852	1	"A"	"T"	0.094	1.109358	0.1852498	-83.70075	1e+05	1e+05	5.065131e-08	3.212549e-08	2.313445e-06	"dnf2.change"	1.109358	965851	965852	6948	"freebayes-variant-USDA1106-psyma-965852-A"	"CDO30_RS23140:class I SAM-dependent methyltransferase; protein_id=WP_010968032.1"	2	1	6	10	5	8	0
"USDA1106"	"psyma"	"freebayes-variant-USDA1106-psyma-814058-C"	814058	2	"C"	"T"	0.06	1.156969	0.1692583	-79.97031	1e+05	1e+05	1.219024e-09	6.946603e-10	3.338637e-07	"dnf2.change"	1.156969	814057	814058	7969	"freebayes-variant-USDA1106-psyma-814058-C"	"CDO30_RS22325:hypothetical protein; protein_id=WP_041170015.1"	1	1	2	8	2	6	0
"USDA1106"	"psyma"	"freebayes-variant-USDA1106-psyma-953094-G"	953094	6	"G"	"C"	0.075	1.605989	0.2317717	-79.5483	1e+05	1e+05	8.006451e-10	4.507647e-10	2.725342e-07	"dnf2.change"	1.605989	953093	953094	9034	"freebayes-variant-USDA1106-psyma-953094-G"	"CDO30_RS23065:SGNH/GDSL hydrolase family protein; protein_id=WP_010968046.1"	1	1	1	1	1	1	0.001
"USDA1106"	"psymb"	"freebayes-variant-USDA1106-psymb-437897-C"	437897	0	"C"	"T"	0.07	0.7286943	0.1548196	-85.82357	1e+05	1e+05	9.814012e-06	7.235957e-06	5.787695e-05	"dnf2.change"	0.7286943	437896	437897	10122	"freebayes-variant-USDA1106-psymb-437897-C"	"CDO30_RS27255:hypothetical protein; protein_id=WP_010975237.1"	1	1	1	7	1	7	0
"USDA1106"	"psyma"	"freebayes-variant-USDA1106-psyma-970334-C"	970334	1	"C"	"A"	0.071	1.49946	0.223456	-80.53186	1e+05	1e+05	2.133536e-09	1.235519e-09	4.394789e-07	"dnf2.change"	1.49946	NA	NA	NA	""	""	0	0	4	3	3	2	0
"USDA1106"	"psymb"	"freebayes-variant-USDA1106-psymb-475733-T"	475733	0	"T"	"C"	0.081	0.6775535	0.1326822	-61.23186	1e+05	1e+05	2.016782e-06	1.421428e-06	2.057879e-05	"dnf3.change"	0.6775535	475732	475733	9671	"freebayes-variant-USDA1106-psymb-475673-G"	"CDO30_RS27435:four-carbon acid sugar kinase family protein; protein_id=WP_010975268.1"	3	1	4	4	4	4	0
"USDA1106"	"psymb"	"freebayes-variant-USDA1106-psymb-475769-T"	475769	0	"T"	"C"	0.07	0.7570288	0.1371778	-59.55493	1e+05	1e+05	3.716231e-07	2.495562e-07	7.274076e-06	"dnf3.change"	0.7570288	475768	475769	10140	"freebayes-variant-USDA1106-psymb-475769-T"	"CDO30_RS27435:four-carbon acid sugar kinase family protein; protein_id=WP_010975268.1"	1	1	2	2	2	2	0
"USDA1106"	"psymb"	"freebayes-variant-USDA1106-psymb-476916-G"	476916	0	"G"	"A"	0.058	0.7563825	0.1458893	-60.91926	1e+05	1e+05	1.47049e-06	1.027095e-06	1.686177e-05	"dnf3.change"	0.7563825	476915	476916	10913	"freebayes-variant-USDA1106-psymb-476916-G"	"CDO30_RS27440:xanthine dehydrogenase family protein molybdopterin-binding subunit; protein_id=WP_014527494.1"	2	1	3	3	3	3	0
"USDA1106"	"psymb"	"freebayes-variant-USDA1106-psymb-478236-A"	478236	0	"A"	"G"	0.058	0.8150843	0.1474334	-59.51388	1e+05	1e+05	3.565832e-07	2.391734e-07	7.09732e-06	"dnf3.change"	0.8150843	478235	478236	10915	"freebayes-variant-USDA1106-psymb-478322-A"	"CDO30_RS27440:xanthine dehydrogenase family protein molybdopterin-binding subunit; protein_id=WP_014527494.1"	42	2	1	1	1	1	0
"USDA1106"	"psyma"	"freebayes-variant-USDA1106-psyma-640868-G"	640868	0	"G"	"A"	0.07	0.9916845	0.1997403	-77.9534	40.17596	1e+05	3.55887e-06	1.707098e-06	2.304798e-05	"dnf4.change"	0.9916845	640867	640868	5279	"freebayes-variant-USDA1106-psyma-640868-G"	"CDO30_RS21460:malonyl-CoA synthase; protein_id=WP_010967081.1"	1	1	6	5	5	4	0
"USDA1106"	"psyma"	"freebayes-variant-USDA1106-psyma-962758-A"	962758	1	"A"	"T"	0.082	1.01419	0.1886286	-76.43806	61.93555	1e+05	6.698364e-07	3.54019e-07	8.918714e-06	"dnf4.change"	1.01419	962757	962758	6968	"freebayes-variant-USDA1106-psyma-962758-A"	"CDO30_RS23125:SDR family oxidoreductase (pseudogene)"	1	1	1	4	1	3	0
"USDA1106"	"psyma"	"freebayes-variant-USDA1106-psyma-313369-C"	313369	3	"C"	"T"	0.072	0.8033639	0.1572317	-76.80049	11.91467	1e+05	1.993839e-06	5.154428e-07	1.113405e-05	"dnf4.change"	0.8033639	313368	313369	8294	"freebayes-variant-USDA1106-psyma-313369-C"	"CDO30_RS19605:stc4, stachydrine N-demethylase reductase subunit Stc4; protein_id=WP_010967391.1"	1	1	2	11	2	9	0
"USDA1106"	"psyma"	"freebayes-variant-USDA1106-psyma-953094-G"	953094	6	"G"	"C"	0.075	1.159616	0.223636	-77.20691	69.01293	1e+05	1.466615e-06	7.858169e-07	1.4334e-05	"dnf4.change"	1.159616	953093	953094	9034	"freebayes-variant-USDA1106-psyma-953094-G"	"CDO30_RS23065:SGNH/GDSL hydrolase family protein; protein_id=WP_010968046.1"	1	1	3	1	3	1	0.001
"USDA1106"	"psymb"	"freebayes-variant-USDA1106-psymb-1043519-A"	1043519	0	"A"	"G"	0.058	0.7919452	0.1532024	-79.67114	1e+05	1e+05	1.565089e-06	1.095117e-06	1.753466e-05	"dnf4.change"	0.7919452	1043518	1043519	10882	"freebayes-variant-USDA1106-psymb-1043519-A"	"CDO30_RS30150:glycosyltransferase; protein_id=WP_010975739.1"	1	1	1	2	1	2	0
"USDA1106"	"psyma"	"freebayes-variant-USDA1106-psyma-970334-C"	970334	1	"C"	"A"	0.071	1.103692	0.2137823	-77.30395	74.40944	1e+05	1.60744e-06	8.691146e-07	1.523448e-05	"dnf4.change"	1.103692	NA	NA	NA	""	""	0	0	4	2	4	2	0
"USDA1106"	"psymb"	"freebayes-variant-USDA1106-psymb-1492386-G"	1492386	0	"A"	"G"	0.105	0.5280886	0.113232	-65.12973	1e+05	1e+05	1.158785e-05	8.584286e-06	6.474924e-05	"dnf5dnf2.change"	0.5280886	1492385	1492386	8754	"freebayes-variant-USDA1106-psymb-1492386-G"	"CDO30_RS32445:hypothetical protein; protein_id=WP_088239368.1"	2	1	2	15	2	15	0
"USDA1106"	"psyma"	"freebayes-variant-USDA1106-psyma-953094-G"	953094	6	"G"	"C"	0.075	1.207105	0.208423	-74.89045	9.582269	1e+05	1.176135e-07	1.545973e-06	0.008124828	"dnf5dnf2.change"	1.207105	953093	953094	9034	"freebayes-variant-USDA1106-psyma-953094-G"	"CDO30_RS23065:SGNH/GDSL hydrolase family protein; protein_id=WP_010968046.1"	1	1	3	1	2	1	0.001
"USDA1106"	"psymb"	"freebayes-variant-USDA1106-psymb-1492578-A"	1492578	0	"A"	"C"	0.093	0.5813053	0.1211729	-64.61903	1e+05	1e+05	6.895709e-06	5.033463e-06	4.571011e-05	"dnf5dnf2.change"	0.5813053	1492577	1492578	9239	"freebayes-variant-USDA1106-psymb-1492578-A"	"CDO30_RS32445:hypothetical protein; protein_id=WP_088239368.1"	1	1	1	5	1	5	0
"USDA1106"	"psyma"	"freebayes-variant-USDA1106-psyma-970334-C"	970334	1	"C"	"A"	0.071	1.160443	0.2004627	-74.88988	9.989656	1e+05	1.190145e-07	1.545058e-06	0.00932148	"dnf5dnf2.change"	1.160443	NA	NA	NA	""	""	0	0	2	3	1	2	0
"USDA1106"	"psyma"	"freebayes-variant-USDA1106-psyma-814058-C"	814058	2	"C"	"T"	0.06	0.7213826	0.1453801	-66.89193	1e+05	1e+05	3.599081e-06	2.578896e-06	2.983394e-05	"dnf6.change"	0.7213826	814057	814058	7969	"freebayes-variant-USDA1106-psyma-814058-C"	"CDO30_RS22325:hypothetical protein; protein_id=WP_041170015.1"	1	1	1	6	1	5	0
"USDA1106"	"psyma"	"freebayes-variant-USDA1106-psyma-640868-G"	640868	0	"G"	"A"	0.07	1.623699	0.2181114	-84.77554	1e+05	1e+05	7.758299e-11	2.886876e-09	0.003761512	"dnf7.change"	1.623699	640867	640868	5279	"freebayes-variant-USDA1106-psyma-640868-G"	"CDO30_RS21460:malonyl-CoA synthase; protein_id=WP_010967081.1"	1	1	4	4	3	3	0
"USDA1106"	"psyma"	"freebayes-variant-USDA1106-psyma-795548-T"	795548	0	"T"	"G"	0.058	1.449005	0.2066973	-86.75565	1e+05	1e+05	5.557959e-10	2.212525e-08	0.0007969974	"dnf7.change"	1.449005	795547	795548	5572	"freebayes-variant-USDA1106-psyma-797004-C"	"CDO30_RS22220:GGDEF domain-containing protein; protein_id=WP_017271271.1"	3	2	6	6	5	5	0
"USDA1106"	"psyma"	"freebayes-variant-USDA1106-psyma-962758-A"	962758	1	"A"	"T"	0.082	1.511672	0.2142815	-86.55475	1e+05	1e+05	4.550625e-10	1.798963e-08	0.003102376	"dnf7.change"	1.511672	962757	962758	6968	"freebayes-variant-USDA1106-psyma-962758-A"	"CDO30_RS23125:SDR family oxidoreductase (pseudogene)"	1	1	5	5	4	4	0
"USDA1106"	"psyma"	"freebayes-variant-USDA1106-psyma-953094-G"	953094	6	"G"	"C"	0.075	1.906835	0.2395769	-82.39675	1e+05	1e+05	7.320822e-12	2.518548e-10	0.001765621	"dnf7.change"	1.906835	953093	953094	9034	"freebayes-variant-USDA1106-psyma-953094-G"	"CDO30_RS23065:SGNH/GDSL hydrolase family protein; protein_id=WP_010968046.1"	1	1	1	1	1	1	0.001
"USDA1106"	"psymb"	"freebayes-variant-USDA1106-psymb-729954-A"	729954	0	"A"	"G"	0.058	0.9139533	0.1763807	-81.70881	1e+05	1e+05	1.488064e-06	1.039722e-06	1.698785e-05	"dnf7.change"	0.9139533	729953	729954	10601	"freebayes-variant-USDA1106-psymb-729954-A"	"CDO30_RS28740:pepT, peptidase T; protein_id=WP_041170089.1"	1	1	1	2	1	2	0
"USDA1106"	"psyma"	"freebayes-variant-USDA1106-psyma-970334-C"	970334	1	"C"	"A"	0.071	1.813256	0.2287572	-82.54827	1e+05	1e+05	8.507439e-12	2.941229e-10	0.002535439	"dnf7.change"	1.813256	NA	NA	NA	""	""	0	0	2	2	2	2	0
"USDA1106"	"psyma"	"freebayes-variant-USDA1106-psyma-640868-G"	640868	0	"G"	"A"	0.07	1.559884	0.2286434	-88.83108	1e+05	1e+05	1.293156e-09	8.130082e-09	0.004648293	"ipd3.change"	1.559884	640867	640868	5279	"freebayes-variant-USDA1106-psyma-640868-G"	"CDO30_RS21460:malonyl-CoA synthase; protein_id=WP_010967081.1"	1	1	4	4	3	3	0
"USDA1106"	"psyma"	"freebayes-variant-USDA1106-psyma-640487-G"	640487	0	"G"	"C"	0.07	1.356568	0.215388	-91.15795	1e+05	1e+05	1.318952e-08	8.944205e-08	0.008385992	"ipd3.change"	1.356568	640486	640487	5281	"freebayes-variant-USDA1106-psyma-640487-G"	"CDO30_RS21460:malonyl-CoA synthase; protein_id=WP_010967081.1"	1	1	6	7	5	5	0
"USDA1106"	"psyma"	"freebayes-variant-USDA1106-psyma-962758-A"	962758	1	"A"	"T"	0.082	1.432784	0.2253872	-90.90024	1e+05	1e+05	1.019427e-08	6.854429e-08	0.003111803	"ipd3.change"	1.432784	962757	962758	6968	"freebayes-variant-USDA1106-psyma-962758-A"	"CDO30_RS23125:SDR family oxidoreductase (pseudogene)"	1	1	5	5	4	4	0
"USDA1106"	"psyma"	"freebayes-variant-USDA1106-psyma-953094-G"	953094	6	"G"	"C"	0.075	1.817184	0.2535495	-87.27164	1e+05	1e+05	2.737778e-10	1.638141e-09	0.001940457	"ipd3.change"	1.817184	953093	953094	9034	"freebayes-variant-USDA1106-psyma-953094-G"	"CDO30_RS23065:SGNH/GDSL hydrolase family protein; protein_id=WP_010968046.1"	1	1	1	1	1	1	0.001
"USDA1106"	"psymb"	"freebayes-variant-USDA1106-psymb-729954-A"	729954	0	"A"	"G"	0.058	0.9533063	0.1930274	-89.46496	1e+05	1e+05	3.948927e-06	2.837069e-06	3.168625e-05	"ipd3.change"	0.9533063	729953	729954	10601	"freebayes-variant-USDA1106-psymb-729954-A"	"CDO30_RS28740:pepT, peptidase T; protein_id=WP_041170089.1"	1	1	2	2	2	2	0
"USDA1106"	"psymb"	"freebayes-variant-USDA1106-psymb-450549-G"	450549	0	"G"	"C"	0.058	0.9098244	0.179555	-88.95828	1e+05	1e+05	2.364295e-06	1.673934e-06	2.276906e-05	"ipd3.change"	0.9098244	450548	450549	10903	"freebayes-variant-USDA1106-psymb-450549-G"	"CDO30_RS27310:ABC transporter ATP-binding protein; protein_id=WP_010975248.1"	1	1	1	5	1	5	0
"USDA1106"	"psymb"	"freebayes-variant-USDA1106-psymb-717932-C"	717932	1	"C"	"G"	0.059	0.9395265	0.1982138	-90.27645	112.6334	1e+05	8.625633e-06	6.617565e-06	5.459479e-05	"ipd3.change"	0.9395265	717931	717932	12013	"freebayes-variant-USDA1106-psymb-717932-C"	"CDO30_RS28675:hypothetical protein; protein_id=WP_010975483.1"	1	1	3	3	3	3	0
"USDA1106"	"psyma"	"freebayes-variant-USDA1106-psyma-970334-C"	970334	1	"C"	"A"	0.071	1.729908	0.2418563	-87.33698	1e+05	1e+05	2.921627e-10	1.751746e-09	0.00248525	"ipd3.change"	1.729908	NA	NA	NA	""	""	0	0	2	2	2	2	0
"USDA1106"	"chr"	"freebayes-variant-USDA1106-chr-2558291-A"	2558291	0	"A"	"C"	0.093	1.625814	0.3406243	-118.7506	1.955084	2.002364	7.582262e-06	6.380245e-06	5.695706e-05	"latd.change"	1.625814	2558290	2558291	838	"freebayes-variant-USDA1106-chr-2558291-A"	"CDO30_RS12270:glutamine synthetase family protein; protein_id=WP_013844805.1"	1	1	1	4	1	1	0
"USDA1106"	"psymb"	"freebayes-variant-USDA1106-psymb-729954-A"	729954	0	"A"	"G"	0.058	1.278848	0.2647986	-117.2643	49.85683	1e+05	6.07799e-06	5.865041e-06	5.046874e-05	"latd.change"	1.278848	729953	729954	10601	"freebayes-variant-USDA1106-psymb-729954-A"	"CDO30_RS28740:pepT, peptidase T; protein_id=WP_041170089.1"	1	1	1	1	1	1	0
"USDA1106"	"psyma"	"freebayes-variant-USDA1106-psyma-746980-C"	746980	0	"C"	"T"	0.116	0.6860709	0.1290061	-81.06232	1e+05	1e+05	8.523684e-07	5.861481e-07	1.202046e-05	"nad1change"	0.6860709	746979	746980	4107	"freebayes-variant-USDA1106-psyma-746980-C"	"CDO30_RS22005:amidase; protein_id=WP_010968222.1"	1	1	4	59	4	53	0
"USDA1106"	"psyma"	"freebayes-variant-USDA1106-psyma-757270-A"	757270	0	"A"	"G"	0.093	-0.9804275	0.1750931	-79.90184	1e+05	1e+05	2.649151e-07	1.761828e-07	5.952824e-06	"nad1change"	0.9804275	757269	757270	4386	"freebayes-variant-USDA1106-psyma-758312-A"	"CDO30_RS22060:Atu4866 domain-containing protein; protein_id=WP_010968213.1"	2	2	3	8	3	7	0
"USDA1106"	"psyma"	"freebayes-variant-USDA1106-psyma-640868-G"	640868	0	"G"	"A"	0.07	1.154945	0.2060328	-79.87608	1e+05	1e+05	2.581409e-07	1.715502e-07	5.862796e-06	"nad1change"	1.154945	640867	640868	5279	"freebayes-variant-USDA1106-psyma-640868-G"	"CDO30_RS21460:malonyl-CoA synthase; protein_id=WP_010967081.1"	1	1	2	4	2	3	0
"USDA1106"	"psyma"	"freebayes-variant-USDA1106-psyma-814058-C"	814058	2	"C"	"T"	0.06	0.9708487	0.1675061	-79.07542	1e+05	1e+05	1.15487e-07	7.49994e-08	3.678502e-06	"nad1change"	0.9708487	814057	814058	7969	"freebayes-variant-USDA1106-psyma-814058-C"	"CDO30_RS22325:hypothetical protein; protein_id=WP_041170015.1"	1	1	1	10	1	9	0
"USDA1106"	"psyma"	"freebayes-variant-USDA1106-psyma-953094-G"	953094	6	"G"	"C"	0.075	1.237624	0.2369459	-81.44711	1e+05	1e+05	1.256764e-06	8.73883e-07	1.528507e-05	"nad1change"	1.237624	953093	953094	9034	"freebayes-variant-USDA1106-psyma-953094-G"	"CDO30_RS23065:SGNH/GDSL hydrolase family protein; protein_id=WP_010968046.1"	1	1	5	1	5	1	0.001
"USDA1106"	"psyma"	"freebayes-variant-USDA1106-psyma-40952-T"	40952	0	"T"	"C"	0.14	1.324879	0.1641333	-77.005	1e+05	1e+05	4.35307e-12	3.150431e-10	0.0001538354	"rdn1.change"	1.324879	40951	40952	3770	"freebayes-variant-USDA1106-psyma-40952-T"	"CDO30_RS18080:fixL, oxygen sensor histidine kinase FixL; protein_id=WP_010967649.1"	1	1	5	14	4	12	0
"USDA1106"	"psyma"	"freebayes-variant-USDA1106-psyma-640868-G"	640868	0	"G"	"A"	0.07	1.685004	0.1915923	-73.6268	1e+05	1e+05	1.5366e-13	9.964414e-12	0.000783816	"rdn1.change"	1.685004	640867	640868	5279	"freebayes-variant-USDA1106-psyma-640868-G"	"CDO30_RS21460:malonyl-CoA synthase; protein_id=WP_010967081.1"	1	1	1	4	1	3	0
"USDA1106"	"psyma"	"freebayes-variant-USDA1106-psyma-814058-C"	814058	2	"C"	"T"	0.06	1.027292	0.158811	-78.02113	2.283808	1e+05	6.235044e-09	8.924569e-10	1.354508e-05	"rdn1.change"	1.027292	814057	814058	7969	"freebayes-variant-USDA1106-psyma-814058-C"	"CDO30_RS22325:hypothetical protein; protein_id=WP_041170015.1"	1	1	6	31	5	29	0
"USDA1106"	"psyma"	"freebayes-variant-USDA1106-psyma-953094-G"	953094	6	"G"	"C"	0.075	1.893475	0.217316	-74.00988	1e+05	1e+05	2.244322e-13	1.47333e-11	0.0007511	"rdn1.change"	1.893475	953093	953094	9034	"freebayes-variant-USDA1106-psyma-953094-G"	"CDO30_RS23065:SGNH/GDSL hydrolase family protein; protein_id=WP_010968046.1"	1	1	4	1	3	1	0.001
"USDA1106"	"psymb"	"freebayes-variant-USDA1106-psymb-1537930-G"	1537930	0	"G"	"C"	0.07	0.9262395	0.1922081	-78.45306	1e+05	1e+05	6.335529e-06	4.613422e-06	4.321245e-05	"rdn1.change"	0.9262395	1537929	1537930	9865	"freebayes-variant-USDA1106-psymb-1538083-A"	"CDO30_RS32685:four-carbon acid sugar kinase family protein; protein_id=WP_010976194.1"	7	3	4	2	4	2	0.001
"USDA1106"	"psymb"	"freebayes-variant-USDA1106-psymb-1433325-T"	1433325	0	"T"	"G"	0.07	0.9448385	0.1933178	-78.18705	1e+05	1e+05	4.837047e-06	3.495281e-06	3.617403e-05	"rdn1.change"	0.9448385	1433324	1433325	9926	"freebayes-variant-USDA1106-psymb-1340557-A"	"CDO30_RS31555:MASE1 domain-containing protein; protein_id=WP_010975994.1"	4	3	3	1	3	1	0
"USDA1106"	"psymb"	"freebayes-variant-USDA1106-psymb-76707-A"	76707	0	"A"	"G"	0.07	0.7668939	0.155969	-78.07203	1e+05	1e+05	4.30463e-06	3.100233e-06	3.351774e-05	"rdn1.change"	0.7668939	76706	76707	9941	"freebayes-variant-USDA1106-psymb-76707-A"	"CDO30_RS25485:pyridoxamine 5'-phosphate oxidase family protein; protein_id=WP_010974934.1"	1	1	2	10	2	10	0
"USDA1106"	"psymb"	"freebayes-variant-USDA1106-psymb-1584650-T"	1584650	0	"T"	"A"	0.058	0.8881718	0.1758781	-77.54845	1e+05	1e+05	2.533186e-06	1.797044e-06	2.379526e-05	"rdn1.change"	0.8881718	1584649	1584650	10728	"freebayes-variant-USDA1106-psymb-1584650-T"	"CDO30_RS32910:LysR family transcriptional regulator; protein_id=WP_017275931.1"	1	1	1	4	1	4	0
"USDA1106"	"psymb"	"freebayes-variant-USDA1106-psymb-692209-T"	692209	3	"T"	"G"	0.06	0.9137828	0.1939016	-78.86144	1e+05	1e+05	9.592784e-06	7.068258e-06	5.699576e-05	"rdn1.change"	0.9137828	692208	692209	12516	"freebayes-variant-USDA1106-psymb-692209-T"	"CDO30_RS28530:ABC transporter ATP-binding protein; protein_id=WP_010975455.1"	2	2	5	3	5	3	0
"USDA1106"	"psyma"	"freebayes-variant-USDA1106-psyma-970334-C"	970334	1	"C"	"A"	0.071	1.812245	0.2063591	-73.68654	1e+05	1e+05	1.630112e-13	1.059101e-11	0.001118197	"rdn1.change"	1.812245	NA	NA	NA	""	""	0	0	3	3	2	2	0
"USDA1106"	"psyma"	"freebayes-variant-USDA1106-psyma-640868-G"	640868	0	"G"	"A"	0.07	1.492034	0.1937133	-74.57364	1e+05	1e+05	2.384294e-11	3.375653e-10	0.0005690454	"sunn1.change"	1.492034	640867	640868	5279	"freebayes-variant-USDA1106-psyma-640868-G"	"CDO30_RS21460:malonyl-CoA synthase; protein_id=WP_010967081.1"	1	1	1	4	1	3	0
"USDA1106"	"psyma"	"freebayes-variant-USDA1106-psyma-962758-A"	962758	1	"A"	"T"	0.082	1.334747	0.1912599	-77.3794	69.316	1e+05	6.407253e-10	6.006117e-09	0.0005694825	"sunn1.change"	1.334747	962757	962758	6968	"freebayes-variant-USDA1106-psyma-962758-A"	"CDO30_RS23125:SDR family oxidoreductase (pseudogene)"	1	1	5	6	4	5	0
"USDA1106"	"psyma"	"freebayes-variant-USDA1106-psyma-814058-C"	814058	2	"C"	"T"	0.06	0.9616633	0.1571491	-77.59429	3.59195	1e+05	2.875586e-08	7.491156e-09	2.224306e-05	"sunn1.change"	0.9616633	814057	814058	7969	"freebayes-variant-USDA1106-psyma-814058-C"	"CDO30_RS22325:hypothetical protein; protein_id=WP_041170015.1"	1	1	6	25	5	23	0
"USDA1106"	"psyma"	"freebayes-variant-USDA1106-psyma-953094-G"	953094	6	"G"	"C"	0.075	1.663488	0.2206818	-75.33166	1e+05	1e+05	5.060036e-11	7.339728e-10	0.0006302411	"sunn1.change"	1.663488	953093	953094	9034	"freebayes-variant-USDA1106-psyma-953094-G"	"CDO30_RS23065:SGNH/GDSL hydrolase family protein; protein_id=WP_010968046.1"	1	1	4	1	3	1	0.001
"USDA1106"	"psymb"	"freebayes-variant-USDA1106-psymb-437897-C"	437897	0	"C"	"T"	0.07	0.7003664	0.139945	-77.74657	50.89323	1e+05	3.037535e-06	2.514025e-06	2.935897e-05	"sunn1.change"	0.7003664	437896	437897	10122	"freebayes-variant-USDA1106-psymb-437897-C"	"CDO30_RS27255:hypothetical protein; protein_id=WP_010975237.1"	1	1	2	15	2	14	0
"USDA1106"	"psymb"	"freebayes-variant-USDA1106-psymb-692209-T"	692209	3	"T"	"G"	0.06	1.044176	0.184696	-74.98809	130.3545	1e+05	2.110725e-07	1.436756e-07	5.299337e-06	"sunn1.change"	1.044176	692208	692209	12516	"freebayes-variant-USDA1106-psymb-692209-T"	"CDO30_RS28530:ABC transporter ATP-binding protein; protein_id=WP_010975455.1"	2	2	1	1	1	1	0
"USDA1106"	"psymb"	"freebayes-variant-USDA1106-psymb-692281-A"	692281	4	"A"	"G"	0.073	0.769215	0.162514	-78.73632	81.2946	1e+05	8.854783e-06	7.062449e-06	5.696513e-05	"sunn1.change"	0.769215	692280	692281	12841	"freebayes-variant-USDA1106-psymb-692281-A"	"CDO30_RS28530:ABC transporter ATP-binding protein; protein_id=WP_010975455.1"	1	1	3	8	3	8	0
"USDA1106"	"psyma"	"freebayes-variant-USDA1106-psyma-970334-C"	970334	1	"C"	"A"	0.071	1.586994	0.2102164	-75.27923	1e+05	1e+05	4.803374e-11	6.955716e-10	0.001044884	"sunn1.change"	1.586994	NA	NA	NA	""	""	0	0	3	3	2	2	0
"USDA1106"	"psyma"	"freebayes-variant-USDA1106-psyma-40952-T"	40952	0	"T"	"C"	0.14	1.009958	0.1494148	-68.92507	1e+05	1e+05	1.713527e-09	9.860597e-10	3.943754e-07	"sunn4.change"	1.009958	40951	40952	3770	"freebayes-variant-USDA1106-psyma-40952-T"	"CDO30_RS18080:fixL, oxygen sensor histidine kinase FixL; protein_id=WP_010967649.1"	1	1	1	9	1	7	0
"USDA1106"	"psyma"	"freebayes-variant-USDA1106-psyma-962758-A"	962758	1	"A"	"T"	0.082	1.128207	0.178591	-70.88618	1e+05	1e+05	1.213508e-08	7.387323e-09	1.068673e-06	"sunn4.change"	1.128207	962757	962758	6968	"freebayes-variant-USDA1106-psyma-962758-A"	"CDO30_RS23125:SDR family oxidoreductase (pseudogene)"	1	1	3	4	3	3	0
"USDA1106"	"psyma"	"freebayes-variant-USDA1106-psyma-814058-C"	814058	2	"C"	"T"	0.06	0.9744446	0.1513517	-70.35381	1e+05	1e+05	7.128875e-09	4.273944e-09	8.095568e-07	"sunn4.change"	0.9744446	814057	814058	7969	"freebayes-variant-USDA1106-psyma-814058-C"	"CDO30_RS22325:hypothetical protein; protein_id=WP_041170015.1"	1	1	2	12	2	10	0
"USDA1106"	"psyma"	"freebayes-variant-USDA1106-psyma-953094-G"	953094	6	"G"	"C"	0.075	1.320604	0.2098097	-70.98685	1e+05	1e+05	1.341998e-08	8.193167e-09	1.126983e-06	"sunn4.change"	1.320604	953093	953094	9034	"freebayes-variant-USDA1106-psyma-953094-G"	"CDO30_RS23065:SGNH/GDSL hydrolase family protein; protein_id=WP_010968046.1"	1	1	4	1	4	1	0.001
"USDA1106"	"psyma"	"freebayes-variant-USDA1106-psyma-970334-C"	970334	1	"C"	"A"	0.071	1.249536	0.200668	-71.28148	1e+05	1e+05	1.801812e-08	1.10939e-08	1.318062e-06	"sunn4.change"	1.249536	NA	NA	NA	""	""	0	0	6	3	5	2	0
