"chr"	"ldg"	"ps"	"n_miss"	"allele1"	"allele0"	"af"	"beta"	"se"	"logl_H1"	"l_remle"	"l_mle"	"p_wald"	"p_lrt"	"p_score"	"run"	"beta_ab"	"replicon"	"pos1"	"pos2"	"ld_group"	"ld_snps"	"description"	"variant_group_size"	"gene_group_size"	"pr"	"br"	"prs"	"brs"
"KH35c-psyma"	"pa-CDO23_RS25265-KH35c-psyma-1230616-A"	1230616	3	"A"	"G"	0.325	-0.6207163	0.1298978	-86.52391	1e+05	1e+05	7.422445e-06	5.429314e-06	4.800398e-05	"ipd3"	0.6207163	"KH35c-psyma"	1230615	1230616	8069	"pa-CDO23_RS25265-KH35c-psyma-1230616-A"	"CDO23_RS25265:hypothetical protein; protein_id=WP_017263309.1"	1	1	1	51	1	44
"USDA1106-psyma"	"freebayes-variant-USDA1106-psyma-40952-T"	40952	0	"T"	"C"	0.14	-1.639372	0.2349941	-107.8688	1e+05	1e+05	6.479293e-10	3.625718e-10	2.46334e-07	"hcl"	1.639372	"USDA1106-psyma"	40951	40952	3770	"freebayes-variant-USDA1106-psyma-40952-T"	"CDO30_RS18080:fixL, oxygen sensor histidine kinase FixL; protein_id=WP_010967649.1"	1	1	1	3	1	3
"USDA1106-psyma"	"freebayes-variant-USDA1106-psyma-640487-G"	640487	0	"G"	"C"	0.07	-1.600208	0.2785432	-113.2713	1e+05	1e+05	1.4341e-07	9.371301e-08	4.164771e-06	"hcl"	1.600208	"USDA1106-psyma"	640486	640487	5281	"freebayes-variant-USDA1106-psyma-640487-G"	"CDO30_RS21460:malonyl-CoA synthase; protein_id=WP_010967081.1"	1	1	2	5	2	5
"USDA1106-psyma"	"freebayes-variant-USDA1106-psyma-640868-G"	640868	0	"G"	"A"	0.07	-1.72839	0.3049417	-113.5954	1e+05	1e+05	1.98598e-07	1.309928e-07	5.028739e-06	"hcl"	1.72839	"USDA1106-psyma"	640867	640868	5279	"freebayes-variant-USDA1106-psyma-640868-G"	"CDO30_RS21460:malonyl-CoA synthase; protein_id=WP_010967081.1"	1	1	3	1	3	1
"USDA1106-psyma"	"freebayes-variant-USDA1106-psyma-416526-G"	416526	2	"G"	"A"	0.071	-1.631555	0.2906355	-113.8224	1e+05	1e+05	2.494885e-07	1.656383e-07	5.746505e-06	"hcl"	1.631555	"USDA1106-psyma"	416525	416526	7942	"freebayes-variant-USDA1106-psyma-416526-G"	"CDO30_RS20200:type II toxin-antitoxin system RelE/ParE family toxin; protein_id=WP_010967294.1"	1	1	4	4	4	4
"USDA1106-psyma"	"freebayes-variant-USDA1106-psyma-784516-T"	784516	0	"T"	"A"	0.105	-1.407937	0.2551857	-114.2239	1e+05	1e+05	3.736335e-07	2.50945e-07	7.297502e-06	"hcl"	1.407937	"USDA1106-psyma"	784515	784516	4371	"freebayes-variant-USDA1106-psyma-784516-T"	"CDO30_RS22165:potassium channel family protein; protein_id=WP_013845201.1"	1	1	5	11	5	10
"USDA1106-psyma"	"freebayes-variant-USDA1106-psyma-640868-G"	640868	0	"G"	"A"	0.07	-2.16978	0.2597097	-99.78756	1e+05	1e+05	1.179625e-12	5.641384e-12	0.0001567084	"dnf3"	2.16978	"USDA1106-psyma"	640867	640868	5279	"freebayes-variant-USDA1106-psyma-640868-G"	"CDO30_RS21460:malonyl-CoA synthase; protein_id=WP_010967081.1"	1	1	1	1	1	1
"USDA1106-psyma"	"freebayes-variant-USDA1106-psyma-640487-G"	640487	0	"G"	"C"	0.07	-1.908468	0.2447807	-102.2652	340.7702	1e+05	1.54612e-11	7.085976e-11	0.0001790162	"dnf3"	1.908468	"USDA1106-psyma"	640486	640487	5281	"freebayes-variant-USDA1106-psyma-640487-G"	"CDO30_RS21460:malonyl-CoA synthase; protein_id=WP_010967081.1"	1	1	2	5	2	4
"USDA1106-psyma"	"freebayes-variant-USDA1106-psyma-40952-T"	40952	0	"T"	"C"	0.14	-1.682013	0.2226295	-103.3894	370.8135	1e+05	4.675964e-11	2.238299e-10	8.286495e-05	"dnf3"	1.682013	"USDA1106-psyma"	40951	40952	3770	"freebayes-variant-USDA1106-psyma-40952-T"	"CDO30_RS18080:fixL, oxygen sensor histidine kinase FixL; protein_id=WP_010967649.1"	1	1	3	9	3	8
"USDA1106-psyma"	"freebayes-variant-USDA1106-psyma-416526-G"	416526	2	"G"	"A"	0.071	-1.885001	0.2613926	-104.9109	239.3271	1e+05	2.238805e-10	1.06416e-09	0.000262436	"dnf3"	1.885001	"USDA1106-psyma"	416525	416526	7942	"freebayes-variant-USDA1106-psyma-416526-G"	"CDO30_RS20200:type II toxin-antitoxin system RelE/ParE family toxin; protein_id=WP_010967294.1"	1	1	4	6	4	5
"USDA1106-psyma"	"freebayes-variant-USDA1106-psyma-784516-T"	784516	0	"T"	"A"	0.105	-1.640277	0.230436	-105.4793	2050.488	1e+05	3.414973e-10	1.906624e-09	0.0001034183	"dnf3"	1.640277	"USDA1106-psyma"	784515	784516	4371	"freebayes-variant-USDA1106-psyma-784516-T"	"CDO30_RS22165:potassium channel family protein; protein_id=WP_013845201.1"	1	1	5	10	5	9
"USDA1106-psyma"	"freebayes-variant-USDA1106-psyma-40952-T"	40952	0	"T"	"C"	0.14	-1.128667	0.2140726	-99.84975	1e+05	1e+05	1.028321e-06	7.109491e-07	1.349482e-05	"dnf4"	1.128667	"USDA1106-psyma"	40951	40952	3770	"freebayes-variant-USDA1106-psyma-40952-T"	"CDO30_RS18080:fixL, oxygen sensor histidine kinase FixL; protein_id=WP_010967649.1"	1	1	1	1	1	1
"USDA1106-psyma"	"freebayes-variant-USDA1106-psyma-814058-C"	814058	2	"C"	"T"	0.06	-1.025256	0.2191462	-102.1852	1e+05	1e+05	1.095114e-05	8.099582e-06	6.231967e-05	"dnf4"	1.025256	"USDA1106-psyma"	814057	814058	7969	"freebayes-variant-USDA1106-psyma-814058-C"	"CDO30_RS22325:hypothetical protein; protein_id=WP_041170015.1"	1	1	2	3	2	3
"USDA1106-psyma"	"freebayes-variant-USDA1106-psyma-40952-T"	40952	0	"T"	"C"	0.14	-1.285318	0.1777303	-83.84962	1e+05	1e+05	2.040323e-10	1.104409e-10	1.436733e-07	"dnf6"	1.285318	"USDA1106-psyma"	40951	40952	3770	"freebayes-variant-USDA1106-psyma-40952-T"	"CDO30_RS18080:fixL, oxygen sensor histidine kinase FixL; protein_id=WP_010967649.1"	1	1	1	2	1	2
"USDA1106-psyma"	"freebayes-variant-USDA1106-psyma-784516-T"	784516	0	"T"	"A"	0.105	-1.12654	0.1924304	-89.94976	1e+05	1e+05	9.004784e-08	5.806305e-08	3.193267e-06	"dnf6"	1.12654	"USDA1106-psyma"	784515	784516	4371	"freebayes-variant-USDA1106-psyma-784516-T"	"CDO30_RS22165:potassium channel family protein; protein_id=WP_013845201.1"	1	1	2	8	2	7
"USDA1106-psyma"	"freebayes-variant-USDA1106-psyma-640487-G"	640487	0	"G"	"C"	0.07	-1.194466	0.2156973	-91.28134	1e+05	1e+05	3.431345e-07	2.298997e-07	6.936925e-06	"dnf6"	1.194466	"USDA1106-psyma"	640486	640487	5281	"freebayes-variant-USDA1106-psyma-640487-G"	"CDO30_RS21460:malonyl-CoA synthase; protein_id=WP_010967081.1"	1	1	3	6	3	5
"USDA1106-psyma"	"freebayes-variant-USDA1106-psyma-784686-A"	784686	0	"G"	"A"	0.116	-0.9765071	0.1764262	-91.29282	1e+05	1e+05	3.471197e-07	2.326467e-07	6.984692e-06	"dnf6"	0.9765071	"USDA1106-psyma"	784685	784686	4241	"freebayes-variant-USDA1106-psyma-784686-A"	"CDO30_RS22170:ATP-dependent helicase; protein_id=WP_010968192.1"	1	1	4	17	4	15
"USDA1106-psyma"	"freebayes-variant-USDA1106-psyma-785075-C"	785075	0	"G"	"C"	0.081	-1.073254	0.1973364	-91.69075	1e+05	1e+05	5.181492e-07	3.512787e-07	8.87816e-06	"dnf6"	1.073254	"USDA1106-psyma"	785074	785075	4761	"freebayes-variant-USDA1106-psyma-785075-C"	"CDO30_RS22170:ATP-dependent helicase; protein_id=WP_010968192.1"	1	1	5	10	5	9
"KH35c-psyma"	"pa-CDO23_RS25265-KH35c-psyma-1230616-A"	1230616	3	"A"	"G"	0.325	-0.6970075	0.1294215	-86.20798	1e+05	1e+05	6.456319e-07	4.404686e-07	1.014334e-05	"dnf7"	0.6970075	"KH35c-psyma"	1230615	1230616	8069	"pa-CDO23_RS25265-KH35c-psyma-1230616-A"	"CDO23_RS25265:hypothetical protein; protein_id=WP_017263309.1"	1	1	1	44	1	36
"KH35c-psyma"	"pa-CDO23_RS25265-KH35c-psyma-1230616-A"	1230616	3	"A"	"G"	0.325	-0.7616713	0.1461166	-97.48921	129.4125	1e+05	1.311537e-06	1.120981e-06	1.778662e-05	"dnf5dnf2"	0.7616713	"KH35c-psyma"	1230615	1230616	8069	"pa-CDO23_RS25265-KH35c-psyma-1230616-A"	"CDO23_RS25265:hypothetical protein; protein_id=WP_017263309.1"	1	1	1	55	1	45
"KH35c-psyma"	"pa-CDO23_RS25265-KH35c-psyma-1230616-A"	1230616	3	"A"	"G"	0.325	-0.7616713	0.1461166	-97.48921	129.4125	1e+05	1.311537e-06	1.120981e-06	1.778662e-05	"dnf5dnf2"	0.7616713	"KH35c-psyma"	1230615	1230616	8069	"pa-CDO23_RS25265-KH35c-psyma-1230616-A"	"CDO23_RS25265:hypothetical protein; protein_id=WP_017263309.1"	1	1	1	55	1	45
"USDA1106-psyma"	"freebayes-variant-USDA1106-psyma-40952-T"	40952	0	"T"	"C"	0.14	-0.9298861	0.1783726	-84.15987	1e+05	1e+05	1.309389e-06	9.115432e-07	1.568119e-05	"nad1"	0.9298861	"USDA1106-psyma"	40951	40952	3770	"freebayes-variant-USDA1106-psyma-40952-T"	"CDO30_RS18080:fixL, oxygen sensor histidine kinase FixL; protein_id=WP_010967649.1"	1	1	1	1	1	1
"KH35c-psyma"	"pa-CDO23_RS25265-KH35c-psyma-1230616-A"	1230616	3	"A"	"G"	0.325	-0.6199265	0.1059278	-68.98074	1e+05	1e+05	9.078992e-08	5.855533e-08	3.208137e-06	"rdn1"	0.6199265	"KH35c-psyma"	1230615	1230616	8069	"pa-CDO23_RS25265-KH35c-psyma-1230616-A"	"CDO23_RS25265:hypothetical protein; protein_id=WP_017263309.1"	1	1	1	17	1	12
"KH35c-psyma"	"pa-CDO23_RS25255-KH35c-psyma-1228834-A"	1228834	4	"A"	"G"	0.232	-0.5447487	0.1079701	-72.62497	63.02089	1e+05	2.579981e-06	2.55837e-06	2.968408e-05	"rdn1"	0.5447487	"KH35c-psyma"	1228833	1228834	8463	"pa-CDO23_RS25255-KH35c-psyma-1228834-A"	"CDO23_RS25255:type IV secretory system conjugative DNA transfer family protein; protein_id=WP_157718085.1"	1	1	3	54	2	41
"KH35c-psyma"	"pa-CDO23_RS25265-KH35c-psyma-1230616-A"	1230616	3	"A"	"G"	0.325	-0.6354255	0.133404	-95.64908	8.806134	1e+05	7.880154e-06	8.712818e-06	6.538642e-05	"sunn4"	0.6354255	"KH35c-psyma"	1230615	1230616	8069	"pa-CDO23_RS25265-KH35c-psyma-1230616-A"	"CDO23_RS25265:hypothetical protein; protein_id=WP_017263309.1"	1	1	1	84	1	69
"USDA1106-psyma"	"freebayes-variant-USDA1106-psyma-40952-T"	40952	0	"T"	"C"	0.14	-1.828944	0.2395647	-109.5255	1e+05	1e+05	3.253742e-11	1.670603e-11	6.363351e-08	"A17"	1.828944	"USDA1106-psyma"	40951	40952	3770	"freebayes-variant-USDA1106-psyma-40952-T"	"CDO30_RS18080:fixL, oxygen sensor histidine kinase FixL; protein_id=WP_010967649.1"	1	1	1	5	1	4
"USDA1106-psyma"	"freebayes-variant-USDA1106-psyma-814058-C"	814058	2	"C"	"T"	0.06	-1.699491	0.2492104	-113.2413	1e+05	1e+05	1.309702e-09	7.478744e-10	3.457338e-07	"A17"	1.699491	"USDA1106-psyma"	814057	814058	7969	"freebayes-variant-USDA1106-psyma-814058-C"	"CDO30_RS22325:hypothetical protein; protein_id=WP_041170015.1"	1	1	2	8	2	7
"USDA1106-psyma"	"freebayes-variant-USDA1106-psyma-640868-G"	640868	0	"G"	"A"	0.07	-2.042067	0.3060127	-113.8969	1e+05	1e+05	2.517877e-09	1.465049e-09	4.772082e-07	"A17"	2.042067	"USDA1106-psyma"	640867	640868	5279	"freebayes-variant-USDA1106-psyma-640868-G"	"CDO30_RS21460:malonyl-CoA synthase; protein_id=WP_010967081.1"	1	1	3	2	3	2
"USDA1106-psyma"	"freebayes-variant-USDA1106-psyma-640487-G"	640487	0	"G"	"C"	0.07	-1.755261	0.2894462	-116.5734	1e+05	1e+05	3.652694e-08	2.295083e-08	1.931994e-06	"A17"	1.755261	"USDA1106-psyma"	640486	640487	5281	"freebayes-variant-USDA1106-psyma-640487-G"	"CDO30_RS21460:malonyl-CoA synthase; protein_id=WP_010967081.1"	1	1	4	6	4	5
"USDA1106-psyma"	"freebayes-variant-USDA1106-psyma-953094-G"	953094	6	"G"	"C"	0.075	-2.157414	0.3567932	-116.649	1e+05	1e+05	3.940132e-08	2.481075e-08	2.013986e-06	"A17"	2.157414	"USDA1106-psyma"	953093	953094	9034	"freebayes-variant-USDA1106-psyma-953094-G"	"CDO30_RS23065:SGNH/GDSL hydrolase family protein; protein_id=WP_010968046.1"	1	1	5	1	5	1
"USDA1106-psymb"	"freebayes-variant-USDA1106-psymb-171625-T"	171625	0	"T"	"A"	0.081	1.347237	0.2361179	-116.7222	1.321507	1e+05	1.69261e-07	1.046921e-06	1.705948e-05	"latd"	1.347237	"USDA1106-psymb"	171624	171625	9719	"freebayes-variant-USDA1106-psymb-171625-T"	"CDO30_RS25945:pyruvate oxidase; protein_id=WP_010975015.1"	1	1	1	3	1	2
"USDA1106-psymb"	"freebayes-variant-USDA1106-psymb-437897-C"	437897	0	"C"	"T"	0.07	-1.251247	0.2489109	-126.6593	1e+05	1e+05	2.778276e-06	1.976112e-06	2.524607e-05	"hcl"	1.251247	"USDA1106-psymb"	437896	437897	10122	"freebayes-variant-USDA1106-psymb-437897-C"	"CDO30_RS27255:hypothetical protein; protein_id=WP_010975237.1"	1	1	1	4	1	4
"USDA1106-psymb"	"freebayes-variant-USDA1106-psymb-1396862-G"	1396862	8	"G"	"T"	0.077	-1.573084	0.3219176	-127.2101	1e+05	1e+05	4.853964e-06	3.507854e-06	3.625691e-05	"hcl"	1.573084	"USDA1106-psymb"	1396861	1396862	13710	"freebayes-variant-USDA1106-psymb-1396862-G"	"CDO30_RS31870:hypothetical protein (pseudogene)"	1	1	2	1	2	1
"USDA1106-psymb"	"freebayes-variant-USDA1106-psymb-625550-C"	625550	0	"C"	"T"	0.14	0.8528304	0.1835474	-97.36553	29.53468	1e+05	1.239188e-05	8.121485e-06	6.24304e-05	"dnf2"	0.8528304	"USDA1106-psymb"	625549	625550	7205	"freebayes-variant-USDA1106-psymb-625553-G"	"CDO30_RS28165:TIM barrel protein; protein_id=WP_010975393.1"	2	1	1	7	1	6
"USDA1106-psymb"	"freebayes-variant-USDA1106-psymb-625550-C"	625550	0	"C"	"T"	0.14	0.8528304	0.1835474	-97.36553	29.53468	1e+05	1.239188e-05	8.121485e-06	6.24304e-05	"dnf2"	0.8528304	"USDA1106-psymb"	625549	625550	7205	"freebayes-variant-USDA1106-psymb-625550-C"	"CDO30_RS28165:TIM barrel protein; protein_id=WP_010975393.1"	2	1	1	7	1	6
"USDA1106-psymb"	"freebayes-variant-USDA1106-psymb-596975-C"	596975	0	"C"	"G"	0.093	-1.225638	0.2501792	-111.7822	14.52544	1e+05	4.621169e-06	3.157212e-06	3.390744e-05	"dnf3"	1.225638	"USDA1106-psymb"	596974	596975	9111	"freebayes-variant-USDA1106-psymb-596975-C"	"CDO30_RS28005:araG, L-arabinose ABC transporter ATP-binding protein AraG; protein_id=WP_010975368.1"	1	1	1	2	1	2
"USDA1106-psymb"	"freebayes-variant-USDA1106-psymb-94952-A"	94952	0	"A"	"G"	0.058	-1.266742	0.2550488	-111.8065	5.999721	1e+05	3.533506e-06	3.238045e-06	3.445633e-05	"dnf3"	1.266742	"USDA1106-psymb"	94951	94952	10710	"freebayes-variant-USDA1106-psymb-94952-A"	"CDO30_RS25560:pyruvate dehydrogenase E1 subunit beta; protein_id=WP_010974947.1"	1	1	2	1	2	1
"USDA1106-psymb"	"freebayes-variant-USDA1106-psymb-1396862-G"	1396862	8	"G"	"T"	0.077	-1.220389	0.2630888	-112.6921	14.81461	1e+05	1.276369e-05	8.164588e-06	6.264804e-05	"dnf3"	1.220389	"USDA1106-psymb"	1396861	1396862	13710	"freebayes-variant-USDA1106-psymb-1396862-G"	"CDO30_RS31870:hypothetical protein (pseudogene)"	1	1	3	3	3	3
"USDA1106-psymb"	"freebayes-variant-USDA1106-psymb-1549206-A"	1549206	0	"A"	"G"	0.07	-1.127206	0.2399634	-112.7083	1.288713	1e+05	1.017503e-05	8.304888e-06	6.335403e-05	"dnf3"	1.127206	"USDA1106-psymb"	1549205	1549206	9917	"freebayes-variant-USDA1106-psymb-1549206-A"	"CDO30_RS32740:gcl, glyoxylate carboligase; protein_id=WP_010976205.1"	1	1	4	10	4	9
"USDA1106-psymb"	"freebayes-variant-USDA1106-psymb-92317-C"	92317	0	"C"	"G"	0.07	-1.099301	0.2366682	-112.8135	12.386	1e+05	1.246232e-05	9.270625e-06	6.811939e-05	"dnf3"	1.099301	"USDA1106-psymb"	92316	92317	9889	"freebayes-variant-USDA1106-psymb-92317-C"	"CDO30_RS25540:sugar ABC transporter ATP-binding protein; protein_id=WP_010974945.1"	1	1	5	11	5	10
"USDA1106-psymb"	"freebayes-variant-USDA1106-psymb-437897-C"	437897	0	"C"	"T"	0.07	-1.111011	0.1994633	-110.7575	6.136597	1e+05	2.997501e-07	2.62989e-07	7.498608e-06	"dnf4"	1.111011	"USDA1106-psymb"	437896	437897	10122	"freebayes-variant-USDA1106-psymb-437897-C"	"CDO30_RS27255:hypothetical protein; protein_id=WP_010975237.1"	1	1	1	1	1	1
"USDA1106-psymb"	"freebayes-variant-USDA1106-psymb-180367-C"	180367	0	"G"	"C"	0.058	-1.016943	0.1910759	-104.9203	1e-05	1e-05	8.382382e-07	7.429984e-06	0.0006092717	"dnf6"	1.016943	"USDA1106-psymb"	180366	180367	11113	"freebayes-variant-USDA1106-psymb-180367-C"	"CDO30_RS25980:sigma-54-dependent Fis family transcriptional regulator; protein_id=WP_010975022.1"	2	2	1	1	1	1
"USDA1106-psymb"	"freebayes-variant-USDA1106-psymb-180367-C"	180367	0	"G"	"C"	0.058	-1.016943	0.1910759	-104.9203	1e-05	1e-05	8.382382e-07	7.429984e-06	0.0006092717	"dnf6"	1.016943	"USDA1106-psymb"	180366	180367	11113	"freebayes-variant-USDA1106-psymb-181782-T"	"CDO30_RS25985:NAD(P)/FAD-dependent oxidoreductase; protein_id=WP_010975023.1"	2	2	1	1	1	1
"USDA1106-psymb"	"freebayes-variant-USDA1106-psymb-544690-A"	544690	0	"A"	"G"	0.058	0.9697547	0.2046408	-104.9279	6.011828	1e+05	8.664322e-06	8.743205e-06	6.553665e-05	"dnf7"	0.9697547	"USDA1106-psymb"	544689	544690	10839	"freebayes-variant-USDA1106-psymb-544690-A"	"CDO30_RS27770:ROK family protein; protein_id=WP_010975325.1"	1	1	1	3	1	2
"USDA1106-psymb"	"freebayes-variant-USDA1106-psymb-594701-AC"	594701	2	"AC"	"A"	0.06	0.8727986	0.1808213	-90.65774	16.76049	1e+05	6.141687e-06	5.956452e-06	5.097841e-05	"dnf1dnf2"	0.8727986	"USDA1106-psymb"	594700	594701	12297	"freebayes-variant-USDA1106-psymb-594701-AC"	"CDO30_RS27995:phosphotransferase; protein_id=WP_041170070.1"	1	1	1	1	1	1
"USDA1106-psymb"	"freebayes-variant-USDA1106-psymb-437897-C"	437897	0	"C"	"T"	0.07	-0.9712341	0.2065936	-112.2131	17.55109	1e+05	1.002738e-05	8.195234e-06	6.280257e-05	"dnf5dnf2"	0.9712341	"USDA1106-psymb"	437896	437897	10122	"freebayes-variant-USDA1106-psymb-437897-C"	"CDO30_RS27255:hypothetical protein; protein_id=WP_010975237.1"	1	1	1	2	1	2
"USDA1106-psymb"	"freebayes-variant-USDA1106-psymb-594701-AC"	594701	2	"AC"	"A"	0.06	0.8826107	0.1836836	-90.54496	81.18082	1e+05	6.689832e-06	4.596933e-06	4.311296e-05	"sunn1"	0.8826107	"USDA1106-psymb"	594700	594701	12297	"freebayes-variant-USDA1106-psymb-594701-AC"	"CDO30_RS27995:phosphotransferase; protein_id=WP_041170070.1"	1	1	1	1	1	1
"USDA1106-psymb"	"freebayes-variant-USDA1106-psymb-437897-C"	437897	0	"C"	"T"	0.07	-1.309016	0.2374788	-126.4743	0.2639625	1e+05	3.817722e-07	5.651546e-07	1.17616e-05	"A17"	1.309016	"USDA1106-psymb"	437896	437897	10122	"freebayes-variant-USDA1106-psymb-437897-C"	"CDO30_RS27255:hypothetical protein; protein_id=WP_010975237.1"	1	1	1	8	1	8
